study_id,save_as,priority,year,first_author,journal,title,doi,pmid,pmcid,fetch,access_prediction,route,try_url,pmc_url,oa_search_result,oa_url,got,got_from,fulltext_note,flags,likely_related,doi_in_audit
AinShamsDe2023,AinShamsDe2023.pdf,1_loop_RCT,2023,,Ain Shams Dental Journal,Effect of Occlusal Scheme in All on 4 Implant Retained Overdenture on Occlusal Fore Analysis Using T-Scan,10.21608/asdj.2022.148480.1128,,,yes,free_likely,Egyptian Knowledge Bank journal site (journals.ekb.eg) - PDF on article page,https://doi.org/10.21608/asdj.2022.148480.1128,,journal article not surfaced by search (DOI should open it); same-title thesis by Elkhnini 2022 in Ain Shams Scholar with a PDF attached,https://research.asu.edu.eg/handle/123456789/203627,,,,,,
AlAzharDen2017,AlAzharDen2017.pdf,1_loop_RCT,2017,,Al-Azhar Dental Journal for Girls,Effect of Balanced Occlusion Verses Lineal occlusion on Maximum Biting Force and Electromyographic Activity,10.21608/adjg.2017.5273,,,yes,free_likely,Egyptian Knowledge Bank journal site (journals.ekb.eg) - PDF on article page,https://doi.org/10.21608/adjg.2017.5273,,,,,,,,,
Americanae2019,Americanae2019.pdf,1_loop_RCT,2019,,Americanae (AECID Library),"Impacto da morfologia oclusal de dentes posteriores na qualidade de vida, satisfação e performance mastigatória de usuários de próteses totais bimaxilares",,,,yes,free_confirmed,Portuguese-language thesis in a university repository - search the title,,,"open - Cardoso RG, doctoral thesis, UFRN 2019, 61 pp, open access; this is the thesis of the Cardoso2021 trial",https://repositorio.ufrn.br/jspui/handle/123456789/28208,,,,NO_IDENTIFIER,thesis behind Cardoso2021?,
Cumhuriyet2022,Cumhuriyet2022.pdf,1_loop_RCT,2022,,Cumhuriyet Dental Journal,"Oral Health Related Quality of Life in first-time denture wearers Using Balanced, Monoplane and Group function Occlusion",10.7126/cumudj.1106604,,,yes,free_likely,Cumhuriyet Dental Journal (DergiPark) - OA PDF,https://doi.org/10.7126/cumudj.1106604,,,,,,,,,
EgyptianDe2022a,EgyptianDe2022a.pdf,1_loop_RCT,2022,,Egyptian Dental Journal /Egyptian Dental Journal,"Peri-implant marginal bone loss and oral health-related quality of life in patients treated by mini-implant-retained mandibular overdentures with different occlusal schemes (lingualized, monoplane and bilateral balanced): A randomized clinical trial",10.21608/edj.2022.113140.1930,,,yes,free_confirmed,Egyptian Knowledge Bank journal site (journals.ekb.eg) - PDF on article page,https://doi.org/10.21608/edj.2022.113140.1930,,open - article page lists the PDF (1.31 MB),https://journals.ekb.eg/article_216684.html,,,,,,
Gupta2026,Gupta2026.pdf,1_loop_RCT,2026,Gupta,Bioinformation,Impact of different occlusal schemes on temporomandibular joint health among edentulous patients in India.,10.6026/973206300222168,42282379,PMC13252322,yes,free_confirmed,PubMed Central - free full text,https://doi.org/10.6026/973206300222168,https://pmc.ncbi.nlm.nih.gov/articles/PMC13252322/,,,yes,PubMed Central (PubMed connector),"Parallel RCT (computer sequence, sealed envelopes), 75 randomised, 25/group: BBO vs lingualized vs monoplane; conventional CD; Helkimo, VAS, mouth opening, joint sounds, CBCT at 0/3/6 mo. Tables are not in the PMC text (PDF only). Clicking rates 33.3/16.7/8.3% fit n=24 per group, not 25 - attrition not reported.",,,
Kuriakose2024,Kuriakose2024.pdf,1_loop_RCT,2024,Kuriakose,J Pharm Bioallied Sci,Impact of Occlusal Schemes on Implant-Supported Overdentures.,10.4103/jpbs.jpbs_795_24,39926779,PMC11805083,yes,free_confirmed,PubMed Central - free full text,https://doi.org/10.4103/jpbs.jpbs_795_24,https://pmc.ncbi.nlm.nih.gov/articles/PMC11805083/,,,yes,PubMed Central (PubMed connector),"Parallel, described as randomised (method not given), 60 pts, 20/group: balanced vs lingualized vs monoplane; 2-implant mandibular overdenture; bite force, colorimetric masticatory efficiency at 0/3/6 mo, satisfaction at 6 mo. Mean/SD in text. Values unusually round; satisfaction instrument described inconsistently.",,,
Sinha2025,Sinha2025.pdf,1_loop_RCT,2025,Sinha,J Pharm Bioallied Sci,Study on the Effect of Different Occlusal Schemes on Temporomandibular Joint Health in Complete Denture Wearers.,10.4103/jpbs.jpbs_1236_25,41522892,PMC12788533,yes,free_confirmed,PubMed Central - free full text,https://doi.org/10.4103/jpbs.jpbs_1236_25,https://pmc.ncbi.nlm.nih.gov/articles/PMC12788533/,,,yes,PubMed Central (PubMed connector),"Parallel, described as randomised (method not given), 60 pts, 20/group: balanced vs lingualized vs monoplane; conventional CD; Helkimo index at 0/3/6 mo, symptoms at 6 mo. 6-month Helkimo differs between abstract (0.8/1.2/2.1) and Table 1 (1.1/1.5/2.4).",,,
IndianJour2021,IndianJour2021.pdf,1_loop_RCT,2021,,Indian Journal of Public Health Research & Development,Effect of Different Types of Occlusion on the Supporting Structures of Mandibular Overdenture Retained by Two Splinted Mini-Implants,10.37506/ijphrd.v12i2.14178,,,yes,uncertain,IJPHRD publisher site (medicopublication.com) - PDF usually open,https://doi.org/10.37506/ijphrd.v12i2.14178,,,,,,,,,
Aarts2008,Aarts2008.pdf,1_loop_RCT,2008,Aarts,Clin Implant Dent Relat Res,Patients' evaluation of two occlusal schemes for implant overdentures.,10.1111/j.1708-8208.2007.00070.x,18218055,,yes,paywalled_likely,Wiley - institutional access / ILL (Wiley connector could read these in chat); not in PMC,https://doi.org/10.1111/j.1708-8208.2007.00070.x,,no open copy found; Otago archive holds a metadata record only,https://hdl.handle.net/10523/34721,,,,,,
BDJ2007,BDJ2007.pdf,1_loop_RCT,2007,,BDJ,"A randomized clinical trial comparing anatomic, lingualized, and zero-degree posterior occlusal forms for complete dentures",10.1038/bdj.2007.999,,,no,paywalled_likely,BDJ (Springer Nature),https://doi.org/10.1038/bdj.2007.999,,,,,,,SAME_AS:Sutton2007a,,
Cardoso2021,Cardoso2021.pdf,1_loop_RCT,2021,Cardoso,Int J Prosthodont,Impact of artificial teeth occlusal morphology on bimaxillary denture treatment in elderly: a clinical trial.,10.11607/ijp.7117,33625387,,yes,paywalled_likely,Int J Prosthodont (Quintessence) - institutional access / ILL; not in PMC,https://doi.org/10.11607/ijp.7117,,,,,,,,,
Grech2022,Grech2022.pdf,1_loop_RCT,2022,Grech,Int J Prosthodont,Patient Reported Outcomes on Different Occlusal Schemes in Complete Denture Wearers.,10.11607/ijp.7402,33751001,,yes,paywalled_likely,Int J Prosthodont (Quintessence) - institutional access / ILL; not in PMC,https://doi.org/10.11607/ijp.7402,,no open repository copy; ResearchGate is request-only; author upload on Academia.edu (login needed),https://www.academia.edu/69893899/Patient_Reported_Outcomes_on_Different_Occlusal_Schemes_in_Complete_Denture_Wearers,,,,,,
Heydecke2007,Heydecke2007.pdf,1_loop_RCT,2007,Heydecke,Gerodontology,Patient ratings of chewing ability from a randomised crossover trial: lingualised vs. first premolar/canine-guided occlusion for complete dentures.,10.1111/j.1741-2358.2007.00153.x,17518954,,yes,paywalled_likely,Wiley - institutional access / ILL (Wiley connector could read these in chat); not in PMC,https://doi.org/10.1111/j.1741-2358.2007.00153.x,,no open copy found (index records only),,,,,,,
Heydecke2008,Heydecke2008.pdf,1_loop_RCT,2008,Heydecke,Quintessence Int,Simplified versus comprehensive fabrication of complete dentures: patient ratings of denture satisfaction from a randomized crossover trial.,,18560649,,yes,paywalled_likely,Quintessence Int - institutional access / ILL; not in PMC,https://pubmed.ncbi.nlm.nih.gov/18560649/,,,,,,,,,
Lamoureux1999,Lamoureux1999.pdf,1_loop_RCT,1999,Lamoureux,Int J Prosthodont,Patient evaluation of treatment success as related to denture tooth type.,,10635196,,yes,paywalled_likely,Int J Prosthodont (Quintessence) - institutional access / ILL; not in PMC,https://pubmed.ncbi.nlm.nih.gov/10635196/,,,,,,,,,
Moradpoor2018b,Moradpoor2018b.pdf,1_loop_RCT,2018,Moradpoor,J Oral Rehabil,Patient satisfaction with occlusal scheme of conventional complete dentures: A randomised clinical trial (Part II).,10.1111/joor.12660,29851120,,yes,paywalled_likely,Wiley - institutional access / ILL (Wiley connector could read these in chat); not in PMC,https://doi.org/10.1111/joor.12660,,no open copy found; trial registration located (IRCT),https://en.irct.ir/trial/21972/pdf,,,,,,
Sutton2007a,Sutton2007a.pdf,1_loop_RCT,2007,Sutton,J Prosthet Dent,"A randomized clinical trial comparing anatomic, lingualized, and zero-degree posterior occlusal forms for complete dentures.",10.1016/j.prosdent.2007.03.003,17547948,,yes,paywalled_likely,J Prosthet Dent (Elsevier) - institutional access / ILL; not in PMC,https://doi.org/10.1016/j.prosdent.2007.03.003,,no open copy found; Glasgow repository record states full text not available,https://eprints.gla.ac.uk/18828,,,,,,
Sutton2007b,Sutton2007b.pdf,1_loop_RCT,2007,Sutton,J Dent Res,RCT comparing posterior occlusal forms for complete dentures.,10.1177/154405910708600713,17586713,,yes,paywalled_likely,J Dent Res (Sage) - institutional access / ILL; not in PMC,https://doi.org/10.1177/154405910708600713,,no open copy found; Glasgow repository record states full text not available,https://eprints.gla.ac.uk/19492,,,,,,
ActaScient2015a,ActaScient2015a.pdf,1_loop_RCT,2015,,Acta Scientiarum Naturalium Universitatis Sunyatseni,3种改良[牙合]型的全口义齿在牙槽嵴重度吸收无牙颌患者中的临床应用,,,,yes,needs_manual,Chinese-language journal - search the title on CNKI / Wanfang / CQVIP (institutional access),,,,,,,,JOURNAL_NAME_SUSPECT; NO_IDENTIFIER,,
Carreiro2020,Carreiro2020.pdf,1_loop_RCT,2020,Carreiro,Journal of dental research,Impact of 0-degree posterior denture teeth on clinical outcomes,,,,no,no_fulltext_expected,Conference abstract - no full paper exists; abstract book only,,,,,,,,NO_IDENTIFIER,abstract of Cardoso2021 trial?,
Dentalabst2008,Dentalabst2008.pdf,1_loop_RCT,2008,,Dental abstracts,"Posterior occlusal forms for complete dentures...Sutton AF, McCord JF: A randomized clinical trial comparing anatomic, lingualized, and zero-degree posterior occlusal forms for complete dentures. J Prosthet Dent 97:292-8, 2007",,,,no,no_fulltext_expected,"Dental Abstracts digest entry, not an original report",,,,,,,,NO_IDENTIFIER; SAME_AS:Sutton2007a,,
Abdelhamid2015,Abdelhamid2015.pdf,2_dense_edge_RCT,2015,Abdelhamid,Int J Implant Dent,A prospective cross-over study to evaluate the effect of two different occlusal concepts on the masseter muscle activity in implant-retained mandibular overdentures.,10.1186/s40729-015-0034-y,27747654,PMC5005639,yes,free_confirmed,PubMed Central - free full text,https://doi.org/10.1186/s40729-015-0034-y,https://pmc.ncbi.nlm.nih.gov/articles/PMC5005639/,,,yes,PubMed Central (PubMed connector),"Cross-over, 12 pts, BBO vs canine guidance on the same 2-implant mandibular overdenture, 4 weeks each, 6 started with each scheme; random allocation of order is not stated; no washout described. Masseter EMG (RMS). Tables are not in the PMC text (PDF).",DOI_CORRECTED_FROM_PUBMED,,10.1046/j.1365-2842.2002.00943.x
AdvancedDe2021,AdvancedDe2021.pdf,2_dense_edge_RCT,2021,,Advanced Dental Journal,"A Correlative Analysis of Occlusal Schemes on Chewing Efficiency, Muscles Kinetics, And Patient’s Satisfaction In Complete Dentures Wearers: A Cross-Over Study",10.21608/adjc.2021.98417.1112,,,yes,free_likely,Egyptian Knowledge Bank journal site (journals.ekb.eg) - PDF on article page,https://doi.org/10.21608/adjc.2021.98417.1112,,,,,,,,,
AlAzharDen2016,AlAzharDen2016.pdf,2_dense_edge_RCT,2016,,Al-Azhar Dental Journal for Girls,Masticatory Efficiency Evaluation in Implant Retained Complete Overdenture With Different Occlusal Schemes,10.21608/adjg.2016.5072,,,yes,free_likely,Egyptian Knowledge Bank journal site (journals.ekb.eg) - PDF on article page,https://doi.org/10.21608/adjg.2016.5072,,"probable match, open - Al-Azhar J Dent vol 3 iss 1 (lingualized vs balanced, implant overdenture, 14 pts); title wording differs, confirm",https://azjd.researchcommons.org/journal/vol3/iss1/10,,,,,,
AlAzharJou2018b,AlAzharJou2018b.pdf,2_dense_edge_RCT,2018,,Al-Azhar Journal of Dental Science,MASTICATORY EFFICIENCY OF CANINE GUIDANCE OCCLUSION AND BILATERAL BALANCED OCCLUSION IN THERMOPLASTIC COMPLETE DENTURES,10.21608/ajdsm.2020.71468,,,yes,free_likely,Egyptian Knowledge Bank journal site (journals.ekb.eg) - PDF on article page,https://doi.org/10.21608/ajdsm.2020.71468,,,,,,,,,
Alexandria2016,Alexandria2016.pdf,2_dense_edge_RCT,2016,,Alexandria Dental Journal,COLORIMETRIC COMPARATIVE ANALYSIS OF MASTICATORY EFFEICIENCY IN COMPLETE DENTURE WEARERS WITH TWO DIFFERENT OCCLUSAL CONCEPTS,10.21608/adjalexu.2016.59258,,,yes,free_likely,Egyptian Knowledge Bank journal site (journals.ekb.eg) - PDF on article page,https://doi.org/10.21608/adjalexu.2016.59258,,,,,,,,,
Bioscience2024,Bioscience2024.pdf,2_dense_edge_RCT,2024,,Bioscience Journal,Impact of occlusal schemes on prognosis of conventional complete dentures in patients with severely resorbed alveolar ridges,10.14393/bj-v40n0a2024-72612,,,yes,free_confirmed,Bioscience Journal (OJS) - OA PDF,https://doi.org/10.14393/bj-v40n0a2024-72612,,open - journal site (also in DOAJ),https://seer.ufu.br/index.php/biosciencejournal/article/view/72612,,,,,,
DOAJDOAJDi2026,DOAJDOAJDi2026.pdf,2_dense_edge_RCT,2026,,DOAJ (DOAJ: Directory of Open Access Journals),Comparison of Masticatory Performance of Bilateral Balanced Occlusion and Lingualized Occlusion in Complete Denture Patients,10.51253/pafmj.v76isuppl-1.13245,,,yes,free_likely,PAFMJ (OJS) - OA PDF,https://doi.org/10.51253/pafmj.v76isuppl-1.13245,,,,,,,,near-identical title to PakistanJo2022,
EgyptianDe2020,EgyptianDe2020.pdf,2_dense_edge_RCT,2020,,Egyptian Dental Journal /Egyptian Dental Journal,Effect of occlusal scheme on bolus transport during feeding for complete denture wearers,10.21608/edj.2020.79114,,,yes,free_likely,Egyptian Knowledge Bank journal site (journals.ekb.eg) - PDF on article page,https://doi.org/10.21608/edj.2020.79114,,,,,,,,,
EgyptianDe2021,EgyptianDe2021.pdf,2_dense_edge_RCT,2021,,Egyptian Dental Journal /Egyptian Dental Journal,Prosthetic complications and maintenance of implant retained maxillary and mandibular overdentures constructed with fully balanced and lingualized occlusal schemes : Randomized control clinical trial,10.21608/edj.2021.66717.1544,,,yes,free_likely,Egyptian Knowledge Bank journal site (journals.ekb.eg) - PDF on article page,https://doi.org/10.21608/edj.2021.66717.1544,,,,,,,,,
EgyptianDe2022c,EgyptianDe2022c.pdf,2_dense_edge_RCT,2022,,Egyptian Dental Journal /Egyptian Dental Journal,Randomized Controlled Study Comparing Bilateral Balanced and Lingualized Occlusion Concepts for Implant Assisted Mandibular Overdentures,10.21608/edj.2022.116464.1951,,,yes,free_confirmed,Egyptian Knowledge Bank journal site (journals.ekb.eg) - PDF on article page,https://doi.org/10.21608/edj.2022.116464.1951,,open - EKB article page,https://edj.journals.ekb.eg/article_230739.html,,,,,,
ErbilDenta2020,ErbilDenta2020.pdf,2_dense_edge_RCT,2020,,Erbil Dental Journal,Comparison of chewing activity in patients requiring complete denture with two different occlusions,10.15218/edj.2020.02,,,yes,free_confirmed,"Erbil Dental Journal (OJS) - OA; direct PDF link bounced to a login page when tested, open in browser",https://doi.org/10.15218/edj.2020.02,,"open - journal article page; direct PDF link sent my fetcher to a login page, use a browser",https://edj.hmu.edu.krd/index.php/journal/article/view/74,,,,,,
FariasNeto2010,FariasNeto2010.pdf,2_dense_edge_RCT,2010,Farias Neto,Braz Dent J,Masticatory efficiency in denture wearers with bilateral balanced occlusion and canine guidance.,10.1590/s0103-64402010000200013,20640365,,yes,free_likely,SciELO - OA PDF; not in PMC,https://doi.org/10.1590/s0103-64402010000200013,,,,,,,,,
JournalofD2017a,JournalofD2017a.pdf,2_dense_edge_RCT,2017,,Journal of Dental Implants,The effect of two different occlusal concepts on the masseter muscle activity in implant retained mandibular overdentures,10.4103/0974-6781.225403,,,yes,free_likely,Medknow OA journal site; PMC if PMID present,https://doi.org/10.4103/0974-6781.225403,,,,,,,,second publication of Abdelhamid2015?,
JournalofP2017,JournalofP2017.pdf,2_dense_edge_RCT,2017,,Journal of Physics Conference Series,Correlation of masticatory muscle activity with masticatory ability in complete denture patients with canine guidance and balanced occlusion,10.1088/1742-6596/884/1/012015,,,yes,free_likely,IOP J Phys Conf Ser - OA PDF,https://doi.org/10.1088/1742-6596/884/1/012015,,,,,,,,,
PakistanJo2022,PakistanJo2022.pdf,2_dense_edge_RCT,2022,,Pakistan Journal of Medical and Health Sciences,Comparative Masticatory Performance of Bilateral Balanced Occlusion and Lingualized Occlusion in Complete Denture Patients,10.53350/pjmhs22163408,,,yes,free_likely,PJMHS site - OA PDF,https://doi.org/10.53350/pjmhs22163408,,,,,,,,near-identical title to DOAJDOAJDi2026,
Poljak2024,Poljak2024.pdf,2_dense_edge_RCT,2024,Poljak,J Pers Med,The Influence of Occlusion Type on Oral Health-Related Quality of Life in Patients with Complete Dentures-Lingualized vs. Bilaterally Balanced Occlusion.,10.3390/jpm14090921,39338175,PMC11433608,yes,free_confirmed,PubMed Central - free full text,https://doi.org/10.3390/jpm14090921,https://pmc.ncbi.nlm.nih.gov/articles/PMC11433608/,,,yes,PubMed Central (PubMed connector),"Single-blind RCT, block randomisation, stratified by denture experience; 131 analysed: LO 33 + 34, BBO 31 + 33; conventional CD; OHIP-14 at 1 month only; medians, non-parametric tests. Tables are not in the PMC text (PDF).",DOI_CORRECTED_FROM_PUBMED,,10.11607/ijp.7402
Wang2024,Wang2024.pdf,2_dense_edge_RCT,2024,Wang,BMC Oral Health,Occlusal parameters and wear of artificial teeth in complete dentures with lingualized versus bilateral balanced occlusion: a randomized clinical trial.,10.1186/s12903-024-05144-2,39563363,PMC11575096,yes,free_confirmed,PubMed Central - free full text,https://doi.org/10.1186/s12903-024-05144-2,https://pmc.ncbi.nlm.nih.gov/articles/PMC11575096/,,,yes,PubMed Central (PubMed connector),"Single-blind RCT (random number table), 33 planned, 30 analysed, 10/group: LO with IPN teeth vs LO with DCL teeth vs BBO with micro-hybrid teeth - scheme is confounded with tooth brand. Occlusal contact area/number, bite force at 2 wk/3 mo/12 mo, wear at 12 mo. Outcome values are in figures only. Registered retrospectively.",DOI_CORRECTED_FROM_PUBMED,,10.1016/j.prosdent.2005.08.010
Brandt2019,Brandt2019.pdf,2_dense_edge_RCT,2019,Brandt,Clin Oral Investig,Prospective clinical study of bilateral balanced occlusion (BBO) versus canine-guided occlusion (CGO) in complete denture wearers.,10.1007/s00784-019-02857-5,30796588,,yes,uncertain,Springer hybrid journal - may or may not be OA; not in PMC,https://doi.org/10.1007/s00784-019-02857-5,,no open copy found (library catalogue record only),,,,,,,
Kawai2017,Kawai2017.pdf,2_dense_edge_RCT,2017,Kawai,J Prosthodont Res,A double blind randomized clinical trial comparing lingualized and fully bilateral balanced posterior occlusion for conventional complete dentures.,10.1016/j.jpor.2016.07.003,27474364,,yes,uncertain,"J Prosthodont Res (Elsevier era) on ScienceDirect - believed open archive, not verified; not in PMC",https://doi.org/10.1016/j.jpor.2016.07.003,,no open copy surfaced by search; ScienceDirect status still unverified,,,,,,,
Matsumaru2010,Matsumaru2010.pdf,2_dense_edge_RCT,2010,Matsumaru,J Prosthodont Res,Influence of mandibular residual ridge resorption on objective masticatory measures of lingualized and fully bilateral balanced denture articulation.,10.1016/j.jpor.2009.11.008,20089469,,yes,uncertain,"J Prosthodont Res (Elsevier era) on ScienceDirect - believed open archive, not verified; not in PMC",https://doi.org/10.1016/j.jpor.2009.11.008,,,,,,,,,
Pero2019,Pero2019.pdf,2_dense_edge_RCT,2019,Pero,J Prosthodont Res,Masticatory function in complete denture wearers varying degree of mandibular bone resorption and occlusion concept: canine-guided occlusion versus bilateral balanced occlusion in a cross-over trial.,10.1016/j.jpor.2019.03.005,31047845,,yes,uncertain,"J Prosthodont Res (Elsevier era) on ScienceDirect - believed open archive, not verified; not in PMC",https://doi.org/10.1016/j.jpor.2019.03.005,,,,,,,,,
Schierz2016,Schierz2016.pdf,2_dense_edge_RCT,2016,Schierz,J Prosthodont Res,Influence of guidance concept in complete dentures on oral health related quality of life - Canine guidance vs. bilateral balanced occlusion.,10.1016/j.jpor.2016.03.005,27067867,,yes,uncertain,"J Prosthodont Res (Elsevier era) on ScienceDirect - believed open archive, not verified; not in PMC",https://doi.org/10.1016/j.jpor.2016.03.005,,,,,,,,,
Deniz2013,Deniz2013.pdf,2_dense_edge_RCT,2013,Deniz,J Oral Rehabil,The influence of occlusion on masticatory performance and satisfaction in complete denture wearers.,10.1111/joor.12015,23189997,,yes,paywalled_likely,Wiley - institutional access / ILL (Wiley connector could read these in chat); not in PMC,https://doi.org/10.1111/joor.12015,,,,,,,,,
Moradpoor2018a,Moradpoor2018a.pdf,2_dense_edge_RCT,2018,Moradpoor,J Oral Rehabil,Patient satisfaction with occlusal scheme of conventional complete dentures: A randomised clinical trial (part I).,10.1111/joor.12579,28965369,,yes,paywalled_likely,Wiley - institutional access / ILL (Wiley connector could read these in chat); not in PMC,https://doi.org/10.1111/joor.12579,,no open copy found; trial registration located (IRCT),https://en.irct.ir/trial/21972/pdf,,,,,,
Paleari2012,Paleari2012.pdf,2_dense_edge_RCT,2012,Paleari,J Oral Rehabil,A cross-over randomised clinical trial of eccentric occlusion in complete dentures.,10.1111/j.1365-2842.2012.02299.x,22486470,,yes,paywalled_likely,Wiley - institutional access / ILL (Wiley connector could read these in chat); not in PMC,https://doi.org/10.1111/j.1365-2842.2012.02299.x,,,,,,,,,
Pereira2022,Pereira2022.pdf,2_dense_edge_RCT,2022,Pereira,Gerodontology,A randomised crossover clinical trial of masticatory function in complete denture wearers with conventional and lingualised balanced occlusion.,10.1111/ger.12610,34908185,,yes,paywalled_likely,Wiley - institutional access / ILL (Wiley connector could read these in chat); not in PMC,https://doi.org/10.1111/ger.12610,,UNESP repository record exists; could not confirm an attached file,https://educapes.capes.gov.br/handle/11449/233907?mode=full,,,,,,
Peroz2003,Peroz2003.pdf,2_dense_edge_RCT,2003,Peroz,Quintessence Int,"Comparison between balanced occlusion and canine guidance in complete denture wearers--a clinical, randomized trial.",,14620212,,yes,paywalled_likely,Quintessence Int - institutional access / ILL; not in PMC,https://pubmed.ncbi.nlm.nih.gov/14620212/,,,,,,,,,
Rehmann2008,Rehmann2008.pdf,2_dense_edge_RCT,2008,Rehmann,Int J Prosthodont,Influence of the occlusal concept of complete dentures on patient satisfaction in the initial phase after fitting: bilateral balanced occlusion vs canine guidance.,,18350949,,yes,paywalled_likely,Int J Prosthodont (Quintessence) - institutional access / ILL; not in PMC,https://pubmed.ncbi.nlm.nih.gov/18350949/,,,,,,,,,
Rocha2023,Rocha2023.pdf,2_dense_edge_RCT,2023,Rocha,J Prosthet Dent,Masticatory efficiency in complete denture and single implant-retained mandibular overdenture wearers with different occlusion schemes: A randomized clinical trial.,10.1016/j.prosdent.2021.06.028,34517991,,yes,paywalled_likely,J Prosthet Dent (Elsevier) - institutional access / ILL; not in PMC,https://doi.org/10.1016/j.prosdent.2021.06.028,,,,,,,,,
SADJ2004,SADJ2004.pdf,2_dense_edge_RCT,2004,,SADJ,Balanced occlusion versus canine guidance for complete dentures.,,15106484,,yes,paywalled_likely,SADJ 2004 print-era issue - library / ILL; not in PMC,https://pubmed.ncbi.nlm.nih.gov/15106484/,,,,,,,,digest of Peroz2003?,
Shirani2014,Shirani2014.pdf,2_dense_edge_RCT,2014,Shirani,J Prosthodont,Comparisons of patient satisfaction levels with complete dentures of different occlusions: a randomized clinical trial.,10.1111/jopr.12101,24138344,,yes,paywalled_likely,Wiley - institutional access / ILL (Wiley connector could read these in chat); not in PMC,https://doi.org/10.1111/jopr.12101,,CORE record exists; could not confirm an attached full text,https://core.ac.uk/works/37674799,,,,,,
ChinaMedic2015,ChinaMedic2015.pdf,2_dense_edge_RCT,2015,,China Medicine and Pharmacy,Clinical efficacy evaluation of lingualized occlusion complete denture on repair of low alveolar ridge,,,,yes,needs_manual,Chinese-language journal - search the title on CNKI / Wanfang / CQVIP (institutional access),,,,,,,,NO_IDENTIFIER,,
JournalofN2010,JournalofN2010.pdf,2_dense_edge_RCT,2010,,Journal of Nanchang University,Satisfaction of Patients with Complete Dentures with Lingualized Occlusion,,,,yes,needs_manual,Chinese-language journal - search the title on CNKI / Wanfang / CQVIP (institutional access),,,,,,,,NO_IDENTIFIER,,
JournalofO2011,JournalofO2011.pdf,2_dense_edge_RCT,2011,,Journal of Oral Science Research,Evaluation of OHRQOL for Patients Wearing Lingualized Occlusion Complete Dentures,,,,yes,needs_manual,Chinese-language journal - search the title on CNKI / Wanfang / CQVIP (institutional access),,,,,,,,NO_IDENTIFIER,,
AlAzharAss2019,AlAzharAss2019.pdf,3_network_contributing,2019,,Al-Azhar Assiut Dental Journal,Effect of Bilateral Balanced and Monoplane Occlusion of Implant Retained Mandibular Overdenture on Biting Force and Masticatory Efficiency,10.21608/aadj.2019.60183,,,yes,free_likely,Egyptian Knowledge Bank journal site (journals.ekb.eg) - PDF on article page,https://doi.org/10.21608/aadj.2019.60183,,,,,,,,,
AlAzharAss2020,AlAzharAss2020.pdf,3_network_contributing,2020,,Al-Azhar Assiut Dental Journal,Study the Effects of Bilateral Balanced Occlusion and Canine Guidance on Masseter and Temporalis Muscle Activity in Implant-Retained Overdentures Constructed with Open and Closed Tray Impression,10.21608/aadj.2020.22805.1027,,,yes,free_likely,Egyptian Knowledge Bank journal site (journals.ekb.eg) - PDF on article page,https://doi.org/10.21608/aadj.2020.22805.1027,,,,,,,,,
AlAzharAss2023,AlAzharAss2023.pdf,3_network_contributing,2023,,Al-Azhar Assiut Dental Journal,The Effect of Different Occlusal Schemes on Masticatory Performance for Conventional and Digital Complete Dentures,10.21608/aadj.2023.326293,,,yes,free_likely,Egyptian Knowledge Bank journal site (journals.ekb.eg) - PDF on article page,https://doi.org/10.21608/aadj.2023.326293,,,,,,,,,
AlAzharDen2019a,AlAzharDen2019a.pdf,3_network_contributing,2019,,Al-Azhar Dental Journal for Girls,The Effect of Different Occlusal Concepts on Masticatory efficiency in Implant Supported Mandibular Over-dentures,10.21608/adjg.2019.7677.1088,,,yes,free_likely,Egyptian Knowledge Bank journal site (journals.ekb.eg) - PDF on article page,https://doi.org/10.21608/adjg.2019.7677.1088,,,,,,,,,
AlAzharDen2021,AlAzharDen2021.pdf,3_network_contributing,2021,,Al-Azhar Dental Journal for Girls,Effect of two occlusal Patterns of Implant Retained Overdenture by Two Attachment Systems on the Electromyographic Activity,10.21608/adjg.2021.10714.1132,,,yes,free_likely,Egyptian Knowledge Bank journal site (journals.ekb.eg) - PDF on article page,https://doi.org/10.21608/adjg.2021.10714.1132,,,,,,,,,
AlAzharJou2018a,AlAzharJou2018a.pdf,3_network_contributing,2018,,Al-Azhar Journal of Dental Science,ELECCTROMYOGRAPHIC EVALUATION OF CANINE GUIDANCE OCCLUSION AND BILATERAL BALANCED OCCLUSION IN THERMOPLASTIC COMPLETE DENTURES,10.21608/ajdsm.2018.71481,,,yes,free_likely,Egyptian Knowledge Bank journal site (journals.ekb.eg) - PDF on article page,https://doi.org/10.21608/ajdsm.2018.71481,,,,,,,,,
AlRafidain2012,AlRafidain2012.pdf,3_network_contributing,2012,,Al-Rafidain dental journal/Maǧallaẗ al-rāfidayn li-ṭibb al-asnān,Prospective Clinical Trial Comparing Lin-gualized Occlusion to Balanced Occlusion in Complete dentures: Case Report,10.33899/rden.2012.42620,,,yes,free_likely,Al-Rafidain Dental Journal - OA PDF,https://doi.org/10.33899/rden.2012.42620,,,,,,,,,
Anon2002b,Anon2002b.pdf,3_network_contributing,2002,,,Functional Efficacy of Full Balanced Occlusion and Lingualized Occlusion Evaluated from Morphological Differences in the Edentulous Alveolar Ridge,,,,no,free_likely,Same paper as Prosthodon2002,,,,,,,,NO_IDENTIFIER; SAME_AS:Prosthodon2002,,
Anon2024,Anon2024.pdf,3_network_contributing,2024,,,Evaluating the chewing efficiency of complete dentures using bilateral balanced occlusion and lingualized occlusion: A comparative study,10.53555/kuey.v30i6.7650,,,yes,free_likely,Kuey journal site - OA PDF,https://doi.org/10.53555/kuey.v30i6.7650,,,,,,,,,
DOAJDOAJDi2012,DOAJDOAJDi2012.pdf,3_network_contributing,2012,,DOAJ (DOAJ: Directory of Open Access Journals),"['تجربة سریریة مستقبلیة تقارن الإطباق اللسانی مع الاطباق المتوازن فی أطقم الأسنان الکاملة: تقریر حالة', 'Prospective Clinical Trial Comparing Lin-gualized Occlusion to Balanced Occlusion in Complete dentures: Case Report']",,,,no,free_likely,Same paper as AlRafidain2012,,,,,,,,NO_IDENTIFIER; SAME_AS:AlRafidain2012,,
DOAJDOAJDi2015,DOAJDOAJDi2015.pdf,3_network_contributing,2015,,DOAJ (DOAJ: Directory of Open Access Journals),STUDY OF CHANGES IN OCCLUSAL SCHEME RESULTING FROM CREATING ARTIFICIAL TEETH IN THE DENTURE PATIENT WITH COMPLETE TOOTH LOSS AND ADVERSE CONDITIONS BY PROSTHETIC BED ON THE LOWER JAW,,,,yes,free_likely,DOAJ-indexed so OA somewhere - search the title in DOAJ,,,,,,,,NO_IDENTIFIER,,
EgyptianDe2016a,EgyptianDe2016a.pdf,3_network_contributing,2016,,Egyptian Dental Journal /Egyptian Dental Journal,THE EFFECT OF THE BILATERAL BALANCED OCCLUSION AND THE CANINE GUIDANCE OCCLUSION OF IMPLANT RETAINED MANDIBULAR OVERDENTURE ON BITING FORCE AND MASTICATORY EFFICIENCY,10.21608/edj.2016.95122,,,yes,free_likely,Egyptian Knowledge Bank journal site (journals.ekb.eg) - PDF on article page,https://doi.org/10.21608/edj.2016.95122,,,,,,,,,
EgyptianDe2016b,EgyptianDe2016b.pdf,3_network_contributing,2016,,Egyptian Dental Journal /Egyptian Dental Journal,THE EFFECT OF TWO PROTECTIVE OCCLUSAL SCHEMES OF IMMEDIATELY LOADED MINI-IMPLANT SUPPORTED MANDIBULAR OVERDENTURE ON MASSETER MUSCLE ACTIVITY AND RIDGE KERATINIZATION,10.21608/edj.2016.96968,,,yes,free_likely,Egyptian Knowledge Bank journal site (journals.ekb.eg) - PDF on article page,https://doi.org/10.21608/edj.2016.96968,,,,,,,,,
EgyptianDe2018a,EgyptianDe2018a.pdf,3_network_contributing,2018,,Egyptian Dental Journal /Egyptian Dental Journal,BONE HEIGHT CHANGES AROUND IMMEDIATELY LOADED IMPLANT-RETAINED MANDIBULAR OVER DENTURES WITH TWO DIFFERENT OCCLUSAL SCHEMES,10.21608/edj.2018.79510,,,yes,free_likely,Egyptian Knowledge Bank journal site (journals.ekb.eg) - PDF on article page,https://doi.org/10.21608/edj.2018.79510,,,,,,,,,
EgyptianDe2018b,EgyptianDe2018b.pdf,3_network_contributing,2018,,Egyptian Dental Journal /Egyptian Dental Journal,Effect of two complete denture occlusal schemes on occlusion and disocclusion times,10.21608/edj.2018.77246,,,yes,free_likely,Egyptian Knowledge Bank journal site (journals.ekb.eg) - PDF on article page,https://doi.org/10.21608/edj.2018.77246,,,,,,,,,
Emam2023,Emam2023.pdf,3_network_contributing,2023,Emam,J Int Soc Prev Community Dent,Effect of Different Occlusal Tooth Forms of Mandibular Overdenture Retained by an Immediate Loaded Single Implant on the Masticatory Efficiency and Oral Health-Related Quality of Life.,10.4103/jispcd.jispcd_64_23,38124728,PMC10729887,yes,free_confirmed,PubMed Central - free full text,https://doi.org/10.4103/jispcd.jispcd_64_23,https://pmc.ncbi.nlm.nih.gov/articles/PMC10729887/,,,yes,PubMed Central (PubMed connector),"Methods state NONRANDOMISED controlled study (abstract says randomly divided). 27 pts, 9/group: anatomic vs semi-anatomic vs non-anatomic teeth; single-implant mandibular overdenture; chewing tests at 3 mo, OHIP-EDENT at 3/6 mo. Mean/SD tables in text.",,,
Internatio2020,Internatio2020.pdf,3_network_contributing,2020,,International Journal of Applied Dental Sciences,Comparison of canine guidance and bilateral balanced occlusion concepts of complete dentures on patients’ masticatory efficiency: An in vivo study,,,,yes,free_likely,Int J Applied Dental Sciences (oraljournal.com) - OA PDF,,,,,,,,NO_IDENTIFIER,,
JournalofD2014b,JournalofD2014b.pdf,3_network_contributing,2014,,Journal of Dhaka National Medical College & Hospital,Ideal Occlusal Patterns for Complete Dentures,10.3329/jdnmch.v20i2.77802,,,yes,free_likely,BanglaJOL - OA PDF,https://doi.org/10.3329/jdnmch.v20i2.77802,,,,,,,,,
JournalofD2017b,JournalofD2017b.pdf,3_network_contributing,2017,,Journal of Dr. YSR University of Health Sciences.,Collation of chewing efficiency and dentures with diverse occlusal schemes,10.4103/2277-8632.202580,,,yes,free_likely,Medknow OA journal site; PMC if PMID present,https://doi.org/10.4103/2277-8632.202580,,,,,,,,,
Koide2004,Koide2004.pdf,3_network_contributing,2004,Koide,Nihon Hotetsu Shika Gakkai Zasshi,[Selection of occlusal scheme on masticatory function in denture wearers].,10.2186/jjps.48.681,15818001,,yes,free_likely,J-STAGE - free PDF (older ones are Japanese-language scans); not in PMC,https://doi.org/10.2186/jjps.48.681,,,,,,,,,
NihonHotet2000,NihonHotet2000.pdf,3_network_contributing,2000,,Nihon Hotetsu Shika Gakkai Zasshi,Masticatory Function between Lingualized Occlusion and Full Balanced Occlusion.,10.2186/jjps.44.339,,,yes,free_likely,J-STAGE - free PDF (older ones are Japanese-language scans),https://doi.org/10.2186/jjps.44.339,,,,,,,,,
Prosthodon2002,Prosthodon2002.pdf,3_network_contributing,2002,,Prosthodontic Research & Practice,Functional Efficacy of Full Balanced Occlusion and Lingualized Occlusion Evaluated from Morphological Differences in the Edentulous Alveolar Ridge,10.2186/prp.1.31,,,yes,free_likely,J-STAGE - free PDF (older ones are Japanese-language scans),https://doi.org/10.2186/prp.1.31,,,,,,,,,
TheJournal1990,TheJournal1990.pdf,3_network_contributing,1990,,The Journal of the Kyushu Dental Society,Effect of Occlusal System of Artificial Teeth on Masticatory Function,10.2504/kds.44.582,,,yes,free_likely,J-STAGE - free PDF (older ones are Japanese-language scans),https://doi.org/10.2504/kds.44.582,,,,,,,,,
Chaturvedi2021a,Chaturvedi2021a.pdf,3_network_contributing,2021,Chaturvedi,Technol Health Care,Computerized occlusal forces analysis in complete dentures fabricated by additive and subtractive techniques.,10.3233/thc-202736,33720863,,yes,uncertain,Technol Health Care (IOS Press/Sage) - may or may not be OA; not in PMC,https://doi.org/10.3233/thc-202736,,,,,,,,,
Chaturvedi2021b,Chaturvedi2021b.pdf,3_network_contributing,2021,Chaturvedi,Technol Health Care,Clinical analysis of CAD-CAM milled and printed complete dentures using computerized occlusal force analyser.,10.3233/thc-202766,33749624,,yes,uncertain,Technol Health Care (IOS Press/Sage) - may or may not be OA; not in PMC,https://doi.org/10.3233/thc-202766,,,,,,,,,
Berg1988,Berg1988.pdf,3_network_contributing,1988,Berg,J Dent,The influence of cusped and cuspless teeth on patient satisfaction with complete dentures. A 2-year follow-up study.,10.1016/0300-5712(88)90122-4,3065374,,yes,paywalled_likely,J Dent (Elsevier) - institutional access / ILL; not in PMC,https://doi.org/10.1016/0300-5712(88)90122-4,,,,,,,,,
Brewer1967,Brewer1967.pdf,3_network_contributing,1967,Brewer,J Prosthet Dent,Comparison of zero degree teeth and anatomic teeth on complete dentures.,10.1016/0022-3913(67)90047-9,5224785,,yes,paywalled_likely,J Prosthet Dent (Elsevier) - institutional access / ILL; not in PMC,https://doi.org/10.1016/0022-3913(67)90047-9,,,,,,,,,
Brudvik1990,Brudvik1990.pdf,3_network_contributing,1990,Brudvik,Int J Prosthodont,Evaluation of eccentric occlusal contacts in complete dentures.,,2133382,,yes,paywalled_likely,Int J Prosthodont (Quintessence) - institutional access / ILL; not in PMC,https://pubmed.ncbi.nlm.nih.gov/2133382/,,,,,,,,,
Clough1983a,Clough1983a.pdf,3_network_contributing,1983,Clough,J Prosthet Dent,A comparison of lingualized occlusion and monoplane occlusion in complete dentures.,10.1016/0022-3913(83)90007-0,6352901,,yes,paywalled_likely,J Prosthet Dent (Elsevier) - institutional access / ILL; not in PMC,https://doi.org/10.1016/0022-3913(83)90007-0,,,,,,,,,
Clough1983b,Clough1983b.pdf,3_network_contributing,1983,Clough,Journal of prosthetic dentistry,A comparison of lingualized occlusion and monoplane occlusion in complete dentures,,,,no,paywalled_likely,Same paper as Clough1983a,,,,,,,,NO_IDENTIFIER; SAME_AS:Clough1983a,,
Grubwieser1999,Grubwieser1999.pdf,3_network_contributing,1999,Grubwieser,J Oral Rehabil,Quantitative analysis of masseter and temporalis EMGs: a comparison of anterior guided versus balanced occlusal concepts in patients wearing complete dentures.,10.1046/j.1365-2842.1999.00438.x,10520148,,yes,paywalled_likely,Wiley - institutional access / ILL (Wiley connector could read these in chat); not in PMC,https://doi.org/10.1046/j.1365-2842.1999.00438.x,,,,,,,,,
Grunert1994,Grunert1994.pdf,3_network_contributing,1994,Grunert,J Oral Rehabil,Masseter and temporalis surface electromyography in patients wearing complete dentures comparing anterior and posterior occlusal concepts--a pilot study.,10.1111/j.1365-2842.1994.tb01148.x,8057200,,yes,paywalled_likely,Wiley - institutional access / ILL (Wiley connector could read these in chat); not in PMC,https://doi.org/10.1111/j.1365-2842.1994.tb01148.x,,,,,,,,,
JournalofD1974,JournalofD1974.pdf,3_network_contributing,1974,,Journal of Dental Research,Five-Year Changes in the Edentulous Mandible as Determined on Oblique Cephalometric Radiographs,10.1177/00220345740530062801,4610022,,yes,paywalled_likely,J Dent Res (Sage) - institutional access / ILL; not in PMC,https://doi.org/10.1177/00220345740530062801,,,,,,,,,
JournalofP1961,JournalofP1961.pdf,3_network_contributing,1961,,Journal of Prosthetic Dentistry,Re-evaluation of posterior tooth forms for complete dentures,10.1016/0022-3913(61)90110-x,,,yes,paywalled_likely,J Prosthet Dent (Elsevier) - institutional access / ILL,https://doi.org/10.1016/0022-3913(61)90110-x,,,,,,,,,
Kamalakidis2023,Kamalakidis2023.pdf,3_network_contributing,2023,Kamalakidis,Int J Prosthodont,Exploring Adaptation and Satisfaction in Copied Complete Dentures Regarding Two Different Occlusal Schemes.,10.11607/ijp.7367,33662056,,yes,paywalled_likely,Int J Prosthodont (Quintessence) - institutional access / ILL; not in PMC,https://doi.org/10.11607/ijp.7367,,,,,,,,,
Khamis1998a,Khamis1998a.pdf,3_network_contributing,1998,Khamis,J Prosthet Dent,A comparison of the effect of different occlusal forms in mandibular implant overdentures.,10.1016/s0022-3913(98)70156-8,9576317,,yes,paywalled_likely,J Prosthet Dent (Elsevier) - institutional access / ILL; not in PMC,https://doi.org/10.1016/s0022-3913(98)70156-8,,,,,,,,,
Khamis1998b,Khamis1998b.pdf,3_network_contributing,1998,Khamis,Journal of prosthetic dentistry,A comparison of the effect of different occlusal forms in mandibular implant overdentures,,,,no,paywalled_likely,Same paper as Khamis1998a,,,,,,,,NO_IDENTIFIER; SAME_AS:Khamis1998a,,
Kimoto2006,Kimoto2006.pdf,3_network_contributing,2006,Kimoto,Int J Prosthodont,Prospective clinical trial comparing lingualized occlusion to bilateral balanced occlusion in complete dentures: a pilot study.,,16479769,,yes,paywalled_likely,Int J Prosthodont (Quintessence) - institutional access / ILL; not in PMC,https://pubmed.ncbi.nlm.nih.gov/16479769/,,"not searched for OA; publisher abstract states allocation was not randomised (first 14 LO, next 14 BBO)",,,,,,,
Miralles1989,Miralles1989.pdf,3_network_contributing,1989,Miralles,J Prosthet Dent,Influence of balanced occlusion and canine guidance on electromyographic activity of elevator muscles in complete denture wearers.,10.1016/0022-3913(89)90021-8,2724159,,yes,paywalled_likely,J Prosthet Dent (Elsevier) - institutional access / ILL; not in PMC,https://doi.org/10.1016/0022-3913(89)90021-8,,,,,,,,,
Moradpoor2020,Moradpoor2020.pdf,3_network_contributing,2020,Moradpoor,J Oral Rehabil,Patient satisfaction with occlusal scheme of conventional complete dentures.,10.1111/joor.12918,31804709,,yes,paywalled_likely,Wiley - institutional access / ILL (Wiley connector could read these in chat); not in PMC,https://doi.org/10.1111/joor.12918,,,,,,,,,
TheJournal1931,TheJournal1931.pdf,3_network_contributing,1931,,The Journal of the American Dental Association (1922),"What is the Future Status of Nonanatomic Posterior Tooth Forms in Full Denture Prosthesis?**Read before the Section on Full Dentures at the Midwinter Clinic of the Chicago Dental Society, Feb. 3, 1931.",10.14219/jada.archive.1931.0115,,,yes,paywalled_likely,JADA archive (Elsevier) - institutional access / ILL,https://doi.org/10.14219/jada.archive.1931.0115,,,,,,,,,
Yoshida1988a,Yoshida1988a.pdf,3_network_contributing,1988,Yoshida,J Oral Rehabil,A criterion for the selection of artificial posterior teeth.,10.1111/j.1365-2842.1988.tb00171.x,3049998,,yes,paywalled_likely,Wiley - institutional access / ILL (Wiley connector could read these in chat); not in PMC,https://doi.org/10.1111/j.1365-2842.1988.tb00171.x,,,,,,,,,
Yoshida1988b,Yoshida1988b.pdf,3_network_contributing,1988,Yoshida,Journal of oral rehabilitation,A criterion for the selection of artificial posterior teeth,,,,no,paywalled_likely,Same paper as Yoshida1988a,,,,,,,,NO_IDENTIFIER; SAME_AS:Yoshida1988a,,
ActaScient2005,ActaScient2005.pdf,3_network_contributing,2005,,Acta Scientiarum Naturalium Universitatis Sunyatseni,线性（牙合）总义齿肌电图的研究,,,,yes,needs_manual,Chinese-language journal - search the title on CNKI / Wanfang / CQVIP (institutional access),,,,,,,,JOURNAL_NAME_SUSPECT; NO_IDENTIFIER,,
ActaScient2009,ActaScient2009.pdf,3_network_contributing,2009,,Acta Scientiarum Naturalium Universitatis Sunyatseni,线性（牙合）与解剖式（牙合）全口义齿满意度的比较,,,,yes,needs_manual,Chinese-language journal - search the title on CNKI / Wanfang / CQVIP (institutional access),,,,,,,,JOURNAL_NAME_SUSPECT; NO_IDENTIFIER,,
ActaScient2012c,ActaScient2012c.pdf,3_network_contributing,2012,,Acta Scientiarum Naturalium Universitatis Sunyatseni,舌向集中[牙合]全口义齿在牙槽嵴重度吸收患者的临床修复效果观察,,,,yes,needs_manual,Chinese-language journal - search the title on CNKI / Wanfang / CQVIP (institutional access),,,,,,,,JOURNAL_NAME_SUSPECT; NO_IDENTIFIER,,
ActaScient2014b,ActaScient2014b.pdf,3_network_contributing,2014,,Acta Scientiarum Naturalium Universitatis Sunyatseni,舌侧集中（牙合）与解剖式双侧平衡（牙合）全口义齿修复低平牙槽嵴无牙颌患者咀嚼效率及咬合力比较研究,,,,yes,needs_manual,Chinese-language journal - search the title on CNKI / Wanfang / CQVIP (institutional access),,,,,,,,JOURNAL_NAME_SUSPECT; NO_IDENTIFIER,,
Anon2002a,Anon2002a.pdf,3_network_contributing,2002,,,DESOCLUSÃO EM PRÓTESE TOTAL: ARTICULAÇÃO BILATERAL BALANCEADA OU DESOCLUSÃO LATERAL COM GUIA CANINO COMPLETE DENTURES OCCLUSION: BALANCED OCCLUSION OR CANINE GUIDED OCCLUSION,,,,yes,needs_manual,"Portuguese-language article, journal unknown - search the title (Google Scholar / BVS)",,,,,,,,NO_IDENTIFIER,,
Anon2006,Anon2006.pdf,3_network_contributing,2006,,日本歯科技工学会雑誌,Complete Denture における咬合理論と技工術式 : 特に Full Balanced Occlusion & Lingualized Occlusion,,,,yes,needs_manual,Japanese dental technology society journal - try J-STAGE / CiNii; Japanese,,,,,,,,NO_IDENTIFIER,,
Anon2009,Anon2009.pdf,3_network_contributing,2009,,广西医科大学学报,线性（牙合）全口义齿咀嚼效能的自体对比研究,,,,yes,needs_manual,Chinese-language journal - search the title on CNKI / Wanfang / CQVIP (institutional access),,,,,,,,NO_IDENTIFIER,,
Anon2010b,Anon2010b.pdf,3_network_contributing,2010,,海南医学,自凝软衬基托线性（牙合）总义齿咀嚼效能研究,,,,yes,needs_manual,Chinese-language journal - search the title on CNKI / Wanfang / CQVIP (institutional access),,,,,,,,NO_IDENTIFIER,,
Anon2013b,Anon2013b.pdf,3_network_contributing,2013,,,A preliminary study of the masticatory function between two artificial teeth dentures with different inclinations of cusp,,,,yes,needs_manual,No journal or identifier - search the title,,,,,,,,NO_IDENTIFIER,,
BeijingJou2012,BeijingJou2012.pdf,3_network_contributing,2012,,Beijing Journal of Stomatology,"Evaluation of the masticatory efficiency of complete dentures with lingualized occlusion,anatomic occlusion and linear occlusion",,,,yes,needs_manual,Chinese-language journal - search the title on CNKI / Wanfang / CQVIP (institutional access),,,,,,,,NO_IDENTIFIER,,
Anon2019,Anon2019.pdf,3_network_contributing,2019,,,Influence of occlusal scheme in complete dentures on oral health related quality of life – lingualized vs. Bilateral balanced occlusion,,,,no,no_fulltext_expected,Matches a CROSBI (bib.irb.hr) record - appears to be a conference abstract; confirm,,,"confirmed conference poster abstract (Acta Stomatol Croat 2019, p 283; 16 pts, LO 9 vs BBO 7, OHIP-14) - no full paper",https://www.bib.irb.hr/1021911,,,,NO_IDENTIFIER,abstract of Poljak2024 trial?,
Paleari2011,Paleari2011.pdf,3_network_contributing,2011,Paleari,"Proceedings of the 89th general session of the international association for dental research; 2011, MAR 16-19; san diego, california, united states",Bilateral balanced occlusion versus canine guidance in complete dentures,,,,no,no_fulltext_expected,Conference abstract - no full paper exists; abstract book only,,,,,,,,NO_IDENTIFIER,abstract of Paleari2012?,
AlAzharDen2019b,AlAzharDen2019b.pdf,4_other,2019,,Al-Azhar Dental Journal for Girls,The Effect of Occlusion and Two Denture Base Material on Muscle Activity and Masticatory Efficiency of Complete Dentures,10.21608/adjg.2019.42309,,,yes,free_likely,Egyptian Knowledge Bank journal site (journals.ekb.eg) - PDF on article page,https://doi.org/10.21608/adjg.2019.42309,,,,,,,,"same title as AlAzharDen2019c, different DOI",
AlAzharDen2019c,AlAzharDen2019c.pdf,4_other,2019,,Al-Azhar Dental Journal for Girls,The Effect of Occlusion and Two Denture Base Material on Muscle Activity and Masticatory Efficiency of Complete Dentures,10.21608/adjg.2019.5985.1038,,,yes,free_likely,Egyptian Knowledge Bank journal site (journals.ekb.eg) - PDF on article page,https://doi.org/10.21608/adjg.2019.5985.1038,,,,,,,,"same title as AlAzharDen2019b, different DOI",
Anon2012,Anon2012.pdf,4_other,2012,,,Effect of complete denture occlusal schemes on masticatory performance and maximum occlusal force,10.58837/chula.the.2012.290,,,yes,free_likely,Chulalongkorn University repository (thesis),https://doi.org/10.58837/chula.the.2012.290,,,,,,,,thesis behind Niwatcharoench2014?,
Diao2026,Diao2026.pdf,4_other,2026,Diao,Beijing Da Xue Xue Bao Yi Xue Ban,[A clinical study on the centralized occlusal scheme for implant-supported overdentures in edentulous patients].,10.19723/j.issn.1671-167x.2026.01.017,41633595,PMC12872305,yes,free_confirmed,PubMed Central - free full text,https://doi.org/10.19723/j.issn.1671-167x.2026.01.017,https://pmc.ncbi.nlm.nih.gov/articles/PMC12872305/,,,abstract_only,PubMed Central (PubMed connector),"In PMC, but the connector returned no body text - download the PDF from the PMC page. Chinese. Abstract: 5 pts, conventional vs new ""centralised"" scheme on 2-implant overdentures, within-patient; chewing efficiency, contact area, satisfaction, FEA.",DOI_CORRECTED_FROM_PUBMED,,10.4103/jpbs.jpbs_795_24
EgyptianDe2022b,EgyptianDe2022b.pdf,4_other,2022,,Egyptian Dental Journal /Egyptian Dental Journal,REPERCUSSION OF 2 DESIGNS OF LINGUALIZED OCCLUSAL SCHEMES ON EMG ACTIVITY MUSCLES IN MANDIBULAR IMPLANT SUPPORTED OVERDENTURE RANDOMIZED CONTROLLED CLINICAL STUDY,10.21608/edj.2022.156114.2215,,,yes,free_likely,Egyptian Knowledge Bank journal site (journals.ekb.eg) - PDF on article page,https://doi.org/10.21608/edj.2022.156114.2215,,,,,,,,,
Guttal2013,Guttal2013.pdf,4_other,2013,Guttal,J Indian Prosthodont Soc,A Comparison of the Change in Mandibular Condyle/Fossa Relationship with the Use of Anatomic Teeth and Semi-anatomic Teeth in Complete Denture Prosthesis.,10.1007/s13191-013-0260-z,24431715,PMC3634947,yes,free_confirmed,PubMed Central - free full text,https://doi.org/10.1007/s13191-013-0260-z,https://pmc.ncbi.nlm.nih.gov/articles/PMC3634947/,,,abstract_only,PubMed Central (PubMed connector),"In PMC, but the connector returned no body text - download the PDF from the PMC page. Abstract: 20 pts, two denture pairs each (anatomic vs semi-anatomic teeth), condyle/fossa position on tomography; randomisation not mentioned.",DOI_CORRECTED_FROM_PUBMED,,10.1016/0022-3913(52)90083-8
Hashimoto2018,Hashimoto2018.pdf,4_other,2018,Hashimoto,Open Dent J,Short-Term Crossover Study on the Effect of Orthogonalized Deep-Grooved Posterior Artificial Teeth on the Masticatory Efficiency of Complete Denture Wearers.,10.2174/1874210601812010255,29760818,PMC5898015,yes,free_confirmed,PubMed Central - free full text,https://doi.org/10.2174/1874210601812010255,https://pmc.ncbi.nlm.nih.gov/articles/PMC5898015/,,,yes,PubMed Central (PubMed connector),"Randomised cross-over, 6 pts. Compares grooved vs non-grooved posterior teeth; both conditions are lingualized occlusion, so this is not a between-scheme comparison.",DOI_CORRECTED_FROM_PUBMED,,10.5357/koubyou.53.255
IOSRJourna2017,IOSRJourna2017.pdf,4_other,2017,,IOSR Journal of Dental and Medical Sciences,Construct of the Full Removable Prosthetic Based on Biofunctional System in Edentulous Patients,10.9790/0853-160304100104,,,yes,free_likely,IOSR journals - OA PDF,https://doi.org/10.9790/0853-160304100104,,,,,,,,,
Internatio2017,Internatio2017.pdf,4_other,2017,,International Journal of Applied Dental Sciences,Comparison of patient satisfaction in complete denture patients with different occlusal schemes,,,,yes,free_likely,Int J Applied Dental Sciences (oraljournal.com) - OA PDF,,,,,,,,NO_IDENTIFIER,,
JournalofE2019,JournalofE2019.pdf,4_other,2019,,Journal of Evolution of Medical and Dental Sciences,A Comparative Electromyographic Analysis of Masseter and Temporalis Muscles in Edentulous Subjects,10.14260/jemds/2019/799,,,yes,free_likely,JEMDS - OA PDF,https://doi.org/10.14260/jemds/2019/799,,,,,,,,,
LAReferenc2016,LAReferenc2016.pdf,4_other,2016,,LA Referencia (Red Federada de Repositorios Institucionales de Publicaciones Científicas),Different Occlusal Schemes in a Persistent Protruding Complete Denture Wearer,,,,yes,free_likely,Repository record (LA Referencia) - search the title,,,,,,,,NO_IDENTIFIER,,
NihonHotet1980,NihonHotet1980.pdf,4_other,1980,,Nihon Hotetsu Shika Gakkai Zasshi,A Study on Masticatory Force and Electromyography due to Different Occlusal Types of the Complete Denture,10.2186/jjps.24.8,,,yes,free_likely,J-STAGE - free PDF (older ones are Japanese-language scans),https://doi.org/10.2186/jjps.24.8,,,,,,,,,
NihonHotet1982,NihonHotet1982.pdf,4_other,1982,,Nihon Hotetsu Shika Gakkai Zasshi,,10.2186/jjps.26.413,,,yes,free_likely,J-STAGE - free PDF (older ones are Japanese-language scans),https://doi.org/10.2186/jjps.26.413,,,,,,,TITLE_MISSING,,
Posti2012,Posti2012.pdf,4_other,2012,Postić,Vojnosanit Pregl,Influence of balanced occlusion in complete dentures on the decrease in the reduction of an edentulous ridge.,,23424959,,yes,free_likely,Vojnosanit Pregl - OA (doiSerbia); not in PMC,https://pubmed.ncbi.nlm.nih.gov/23424959/,,,,,,,,,
ResearchSq2024,ResearchSq2024.pdf,4_other,2024,,Research Square,A clinical trial comparing the occlusal parameters and wear of artificial teeth between lingualized and anatomical occlusal complete dentures,10.21203/rs.3.rs-4615206/v1,,,yes,free_likely,Research Square preprint - OA PDF,https://doi.org/10.21203/rs.3.rs-4615206/v1,,,,,,,,preprint of Wang2024?,
SeoulNatio2007,SeoulNatio2007.pdf,4_other,2007,,Seoul National University Open Repository (Seoul National University),Comparison of the strain on the alveolar ridge according to the occlusal scheme of complete dentures,,,,yes,free_likely,Seoul National University repository (S-Space) - search the title,,,,,,,,NO_IDENTIFIER,,
TheJournal1992,TheJournal1992.pdf,4_other,1992,,The Journal of the Kyushu Dental Society,An Observation of Occlusal Pattern of Full Denture with Balanced Occlusion,10.2504/kds.46.602,,,yes,free_likely,J-STAGE - free PDF (older ones are Japanese-language scans),https://doi.org/10.2504/kds.46.602,,,,,,,,,
TheJournal2020,TheJournal2020.pdf,4_other,2020,,The Journal of Korean Academy of Prosthodontics,Effectiveness of clinical remounting improving balanced occlusion of complete dentures,10.4047/jkap.2020.58.4.328,,,yes,free_likely,J Korean Acad Prosthodont - OA PDF,https://doi.org/10.4047/jkap.2020.58.4.328,,,,,,,,,
Thomas2023,Thomas2023.pdf,4_other,2023,Thomas,J Oral Biol Craniofac Res,Comparative evaluation of hemispheric and masticatory laterality in complete dentures with two occlusal schemes - A prospective cohort study.,10.1016/j.jobcr.2023.02.005,36896353,PMC9988544,yes,free_confirmed,PubMed Central - free full text,https://doi.org/10.1016/j.jobcr.2023.02.005,https://pmc.ncbi.nlm.nih.gov/articles/PMC9988544/,,,yes,PubMed Central (PubMed connector),"Prospective cohort, convenience sample, allocation by odd/even number (not randomised); 26/group: balanced vs non-balanced occlusion; outcome is chewing-side laterality at 0/1/3/6 mo.",DOI_CORRECTED_FROM_PUBMED,,10.1007/s10266-003-0025-y
Yoshitomi1997,Yoshitomi1997.pdf,4_other,1997,Yoshitomi,Kokubyo Gakkai Zasshi,[Anterior occlusal contact of complete denture during mastication].,10.5357/koubyou.64.436,9364817,,yes,free_likely,J-STAGE - free PDF (older ones are Japanese-language scans); not in PMC,https://doi.org/10.5357/koubyou.64.436,,,,,,,,,
Ma2012,Ma2012.pdf,4_other,2012,Ma,Shanghai Kou Qiang Yi Xue,[Evaluation of masticatory efficiency of lingualized occlusal complete denture].,,23135128,,yes,uncertain,Shanghai Kou Qiang Yi Xue - journal site (sjos.cn) usually has free PDFs; Chinese; not in PMC,https://pubmed.ncbi.nlm.nih.gov/23135128/,,,,,,,,,
Drago1984,Drago1984.pdf,4_other,1984,Drago,J Prosthet Dent,The effect of posterior tooth form on the chewing cycle in the frontal plane.,10.1016/0022-3913(84)90315-9,6374111,,yes,paywalled_likely,J Prosthet Dent (Elsevier) - institutional access / ILL; not in PMC,https://doi.org/10.1016/0022-3913(84)90315-9,,,,,,,,,
JournalofD1960,JournalofD1960.pdf,4_other,1960,,Journal of Dental Research,Influence of Artificial Tooth Forms on Bone Deformation beneath Complete Dentures,10.1177/00220345600390020701,14445613,,yes,paywalled_likely,J Dent Res (Sage) - institutional access / ILL; not in PMC,https://doi.org/10.1177/00220345600390020701,,,,,,,,,
JournalofP1951,JournalofP1951.pdf,4_other,1951,,Journal of Prosthetic Dentistry,Full denture service as influenced by tooth forms and materials,10.1016/0022-3913(51)90077-7,14814646,,yes,paywalled_likely,J Prosthet Dent (Elsevier) - institutional access / ILL; not in PMC,https://doi.org/10.1016/0022-3913(51)90077-7,,,,,,,,,
JournalofP1956,JournalofP1956.pdf,4_other,1956,,Journal of Prosthetic Dentistry,Complete denture base deformation with varied occlusal tooth form,10.1016/0022-3913(56)90018-x,,,yes,paywalled_likely,J Prosthet Dent (Elsevier) - institutional access / ILL,https://doi.org/10.1016/0022-3913(56)90018-x,,,,,,,,,
JournalofP1963,JournalofP1963.pdf,4_other,1963,,Journal of Prosthetic Dentistry,Influence of occlusal schemes on the muscular activity of edentulous patients,10.1016/0022-3913(63)90099-4,,,yes,paywalled_likely,J Prosthet Dent (Elsevier) - institutional access / ILL,https://doi.org/10.1016/0022-3913(63)90099-4,,,,,,,,,
Ludwig1976,Ludwig1976.pdf,4_other,1976,Ludwig,Dtsch Zahnarztl Z,[Supporting pin and fully balanced occlusion in complete dentures].,,1066267,,yes,paywalled_likely,"Dtsch Zahnarztl Z 1976 - print only, library / ILL; German; not in PMC",https://pubmed.ncbi.nlm.nih.gov/1066267/,,,,,,,,,
Niwatcharoench2014,Niwatcharoench2014.pdf,4_other,2014,Niwatcharoenchaikul,J Prosthet Dent,Effect of complete denture occlusal schemes on masticatory performance and maximum occlusal force.,10.1016/j.prosdent.2014.06.003,25062582,,yes,paywalled_likely,J Prosthet Dent (Elsevier) - institutional access / ILL; not in PMC,https://doi.org/10.1016/j.prosdent.2014.06.003,,,,,,,,,
Ono1988,Ono1988.pdf,4_other,1988,Ono,Shigaku,[The form of occlusion in denture wearers. The effect of lingualized occlusion on masticatory function].,,3272363,,yes,paywalled_likely,"Shigaku 1988 - print only, library / ILL; Japanese; not in PMC",https://pubmed.ncbi.nlm.nih.gov/3272363/,,,,,,,,,
Srinivasan2023,Srinivasan2023.pdf,4_other,2023,Srinivasan,J Prosthet Dent,Differences in quality of life and patient satisfaction between complete denture occlusion schemes: A parallel randomized control trial.,10.1016/j.prosdent.2021.07.015,34429196,,yes,paywalled_likely,J Prosthet Dent (Elsevier) - institutional access / ILL; not in PMC,https://doi.org/10.1016/j.prosdent.2021.07.015,,,,,,,,,
TheJournal1928,TheJournal1928.pdf,4_other,1928,,The Journal of the American Dental Association (1922),"Channel Type Posterior Tooth Forms**Read before the Section on Full Denture Prosthesis at the Sixty-Ninth Annual Session of the American Dental Association, Detroit, Mich., Oct. 26, 1927.",10.14219/jada.archive.1928.0195,,,yes,paywalled_likely,JADA archive (Elsevier) - institutional access / ILL,https://doi.org/10.14219/jada.archive.1928.0195,,,,,,,,,
TheJournal1935,TheJournal1935.pdf,4_other,1935,,The Journal of the American Dental Association (1922),"Are Anatomic Teeth Suited for Full Dentures?**Read before the Section on Full Denture Prosthesis at the Seventy-Sixth Annual Session of the American Dental Association, St. Paul, Minn., Aug. 8, 1934.",10.14219/jada.archive.1935.0108,,,yes,paywalled_likely,JADA archive (Elsevier) - institutional access / ILL,https://doi.org/10.14219/jada.archive.1935.0108,,,,,,,,,
Yu2013,Yu2013.pdf,4_other,2013,Yu,Zhonghua Kou Qiang Yi Xue Za Zhi,[Clinical research on curative effect of complete denture with two kinds of occlusion for temporomandibular joint disorders of aged edentulous patients].,,24438569,,yes,paywalled_likely,Zhonghua Kou Qiang Yi Xue Za Zhi - Chinese Medical Association platform / CNKI; Chinese; not in PMC,https://pubmed.ncbi.nlm.nih.gov/24438569/,,,,,,,,,
ActaScient1998,ActaScient1998.pdf,4_other,1998,,Acta Scientiarum Naturalium Universitatis Sunyatseni,应用“三因素、四定律”理论指导临床全口义齿排牙体会,,,,yes,needs_manual,Chinese-language journal - search the title on CNKI / Wanfang / CQVIP (institutional access),,,,,,,,JOURNAL_NAME_SUSPECT; NO_IDENTIFIER,,
ActaScient2012a,ActaScient2012a.pdf,4_other,2012,,Acta Scientiarum Naturalium Universitatis Sunyatseni,舌侧集中[牙合]及解剖式[牙合]全口义齿的临床效果,,,,yes,needs_manual,Chinese-language journal - search the title on CNKI / Wanfang / CQVIP (institutional access),,,,,,,,JOURNAL_NAME_SUSPECT; NO_IDENTIFIER,,
ActaScient2012b,ActaScient2012b.pdf,4_other,2012,,Acta Scientiarum Naturalium Universitatis Sunyatseni,舌侧集中（牙合） 全口义齿修复18例低矮牙槽嵴临床体会,,,,yes,needs_manual,Chinese-language journal - search the title on CNKI / Wanfang / CQVIP (institutional access),,,,,,,,JOURNAL_NAME_SUSPECT; NO_IDENTIFIER,,
ActaScient2013a,ActaScient2013a.pdf,4_other,2013,,Acta Scientiarum Naturalium Universitatis Sunyatseni,长正中[牙合]型总义齿的咀嚼效率和满意度的初步评价,,,,yes,needs_manual,Chinese-language journal - search the title on CNKI / Wanfang / CQVIP (institutional access),,,,,,,,JOURNAL_NAME_SUSPECT; NO_IDENTIFIER,,
ActaScient2013b,ActaScient2013b.pdf,4_other,2013,,Acta Scientiarum Naturalium Universitatis Sunyatseni,视觉模拟评分法（VAS）对舌向集中（牙合）与半解剖（牙合）全口义齿满意度的比较研究,,,,yes,needs_manual,Chinese-language journal - search the title on CNKI / Wanfang / CQVIP (institutional access),,,,,,,,JOURNAL_NAME_SUSPECT; NO_IDENTIFIER,,
ActaScient2014a,ActaScient2014a.pdf,4_other,2014,,Acta Scientiarum Naturalium Universitatis Sunyatseni,舌侧集中（牙合）全口义齿咀嚼效率的研究,,,,yes,needs_manual,Chinese-language journal - search the title on CNKI / Wanfang / CQVIP (institutional access),,,,,,,,JOURNAL_NAME_SUSPECT; NO_IDENTIFIER,,
ActaScient2015b,ActaScient2015b.pdf,4_other,2015,,Acta Scientiarum Naturalium Universitatis Sunyatseni,不同全口义齿在重度牙槽嵴吸收无牙[牙合]患者中的应用效果比较,,,,yes,needs_manual,Chinese-language journal - search the title on CNKI / Wanfang / CQVIP (institutional access),,,,,,,,JOURNAL_NAME_SUSPECT; NO_IDENTIFIER,,
Anon2008,Anon2008.pdf,4_other,2008,,国际口腔医学杂志,The lingualized occlusion of complete denture,,,,yes,needs_manual,Chinese-language journal - search the title on CNKI / Wanfang / CQVIP (institutional access),,,,,,,,NO_IDENTIFIER,,
Anon2010a,Anon2010a.pdf,4_other,2010,,,Complete Denture Occlusal Schemes,,,,yes,needs_manual,No journal or identifier - search the title,,,,,,,,NO_IDENTIFIER,,
Anon2011,Anon2011.pdf,4_other,2011,,,Effect of complete denture occlusal schemes on masticatory performance,,,,yes,needs_manual,No journal or identifier - probably thesis/abstract behind Niwatcharoench2014,,,,,,,,NO_IDENTIFIER,thesis/abstract behind Niwatcharoench2014?,
Anon2013a,Anon2013a.pdf,4_other,2013,,,INFLUÊNCIA DO TIPO DE PRÓTESE TOTAL DUPLA NA FUNÇÃO MASTIGATÓRIA Influence of denture type in the dual masticatory function,,,,yes,needs_manual,"Portuguese-language article, journal unknown - search the title (Google Scholar / BVS)",,,,,,,,NO_IDENTIFIER,,
Anon2015a,Anon2015a.pdf,4_other,2015,,口腔医学,舌向集中（牙合）与半解剖式（牙合）全口义齿的满意度及咀嚼效能比较,,,,yes,needs_manual,Chinese-language journal - search the title on CNKI / Wanfang / CQVIP (institutional access),,,,,,,,NO_IDENTIFIER,,
Anon2015b,Anon2015b.pdf,4_other,2015,,,两种[牙合]型全口义齿在重度牙槽嵴吸收患者临床修复效果的比较,,,,yes,needs_manual,Chinese-language journal - search the title on CNKI / Wanfang / CQVIP (institutional access),,,,,,,,NO_IDENTIFIER,,
BeijingJou2011,BeijingJou2011.pdf,4_other,2011,,Beijing Journal of Stomatology,Evaluation of masticatory efficiency of complete denture with lingualized occlusion,,,,yes,needs_manual,Chinese-language journal - search the title on CNKI / Wanfang / CQVIP (institutional access),,,,,,,,NO_IDENTIFIER,,
ChineseJou2013,ChineseJou2013.pdf,4_other,2013,,Chinese Journal of Aesthetic Medicine,The comparison of subject satisfaction with lingualized occlusion and semianatomic occlusion in complete dentures by using visual analogy scores(VAS) method,,,,yes,needs_manual,Chinese-language journal - search the title on CNKI / Wanfang / CQVIP (institutional access),,,,,,,,NO_IDENTIFIER,,
JournalofD2014a,JournalofD2014a.pdf,4_other,2014,,Journal of Dental Prevention and Treatment,Evaluation of masticatory efficiency for edentulous patients restored with complete denture with lingualized occlusion,,,,yes,needs_manual,Chinese-language journal - search the title on CNKI / Wanfang / CQVIP (institutional access),,,,,,,,NO_IDENTIFIER,,
Aarts2005,Aarts2005.pdf,4_other,2005,Aarts,"Australian/new zealand IADR division meeting; 2005, sep 26-28; queenstown, new zealand",A comparison of two different occlusal schemes for implant overdentures,,,,no,no_fulltext_expected,Conference abstract - no full paper exists; abstract book only,,,,,,,,NO_IDENTIFIER,abstract of Aarts2008?,
DeMedeiros2010,DeMedeiros2010.pdf,4_other,2010,De Medeiros,"IADR general session; 2010, jul 14-17; barcelona, spain",Comparing mastication between lingualized and conventional occlusion for complete dentures,,,,no,no_fulltext_expected,Conference abstract - no full paper exists; abstract book only,,,,,,,,NO_IDENTIFIER,,
Howell1990,Howell1990.pdf,4_other,1990,Howell,Journal of dental research,A study of chewing using complete dentures with different occlusal schemes,,,,no,no_fulltext_expected,Conference abstract - no full paper exists; abstract book only,,,,,,,,NO_IDENTIFIER,,
Martins2011,Martins2011.pdf,4_other,2011,Martins,"Proceedings of the 89th general session of the international association for dental research; 2011, MAR 16-19; san diego, california, united states",Masticatory function in conventional denture wearers with canine guidance,,,,no,no_fulltext_expected,Conference abstract - no full paper exists; abstract book only,,,,,,,,NO_IDENTIFIER,,
Nagao1996,Nagao1996.pdf,4_other,1996,Nagao,Journal of dental research,Influence of occlusal scheme on pressure distribution under complete denture. (IADR Abstract 1996),,,,no,no_fulltext_expected,Conference abstract - no full paper exists; abstract book only,,,,,,,,NO_IDENTIFIER,,
Ahmed2013,Ahmed2013.pdf,,2013,Ahmed,Pakistan Oral & Dental Journal,Masticatory efficiency between balanced and lingualized occlusion in complete denture wearers,,,,yes,free_likely,Pakistan Oral & Dental Journal site (podj.com.pk) - OA PDF; 2013;33(1):200-6,,,PDF on ResearchGate,https://www.researchgate.net/publication/320272339_MASTICATORY_EFFICIENCY_BETWEEN_BALANCED_AND_LINGUALIZED_OCCLUSION_IN_COMPLETE_DENTURE_WEARERS,,,,NO_IDENTIFIER,,
