priority,study_id,status,access_prediction,year,journal,title,doi,pmid,link,suggested_action,researchgate_url,researchgate_fulltext,other_free_url,search_note
1_loop_RCT,Aarts2008,no_oa_found,paywalled_likely,2008,Clin Implant Dent Relat Res,Patients' evaluation of two occlusal schemes for implant overdentures.,10.1111/j.1708-8208.2007.00070.x,18218055,https://doi.org/10.1111/j.1708-8208.2007.00070.x,library / ILL request,,,,No RG hit; Clin Implant Dent Relat Res 10(3):140-156 doi:10.1111/j.1708-8208.2007.00070.x
1_loop_RCT,Cardoso2021,no_oa_found,paywalled_likely,2021,Int J Prosthodont,Impact of artificial teeth occlusal morphology on bimaxillary denture treatment in elderly: a clinical trial.,10.11607/ijp.7117,33625387,https://doi.org/10.11607/ijp.7117,open other_free_url in a browser (blocks scripts),,,https://www.semanticscholar.org/paper/Impact-of-the-Occlusal-Morphology-of-Artificial-on-Cardoso-Medeiros/d8e5c596803093a9087af9644ba54b4f0a83fa4d,No RG hit; Semantic Scholar listing tagged [PDF] (unverified); PMID 33625387
1_loop_RCT,Grech2022,no_oa_found,paywalled_likely,2022,Int J Prosthodont,Patient Reported Outcomes on Different Occlusal Schemes in Complete Denture Wearers.,10.11607/ijp.7402,33751001,https://doi.org/10.11607/ijp.7402,open other_free_url in a browser (blocks scripts),https://www.researchgate.net/publication/350209059_Patient_Reported_Outcomes_on_Different_Occlusal_Schemes_in_Complete_Denture_Wearers,Request full-text,https://www.academia.edu/69893899/Patient_Reported_Outcomes_on_Different_Occlusal_Schemes_in_Complete_Denture_Wearers,academia.edu copy found
1_loop_RCT,Heydecke2007,no_oa_found,paywalled_likely,2007,Gerodontology,Patient ratings of chewing ability from a randomised crossover trial: lingualised vs. first premolar/canine-guided occlusion for complete dentures.,10.1111/j.1741-2358.2007.00153.x,17518954,https://doi.org/10.1111/j.1741-2358.2007.00153.x,open ResearchGate link (logged in): download or Request full-text,https://www.researchgate.net/publication/6313667_Patient_ratings_of_chewing_ability_from_a_randomised_crossover_trial_Lingualised_vs_first_premolarcanine-guided_occlusion_for_complete_dentures,Request full-text,,
1_loop_RCT,Heydecke2008,no_oa_found,paywalled_likely,2008,Quintessence Int,Simplified versus comprehensive fabrication of complete dentures: patient ratings of denture satisfaction from a randomized crossover trial.,,18560649,https://pubmed.ncbi.nlm.nih.gov/18560649/,open ResearchGate link (logged in): download or Request full-text,https://www.researchgate.net/publication/5295376_Simplified_versus_comprehensive_fabrication_of_complete_dentures_Patient_ratings_of_denture_satisfaction_from_a_randomized_crossover_trial,Full-text available,,RG title prefixed (PDF)
1_loop_RCT,Lamoureux1999,no_oa_found,paywalled_likely,1999,Int J Prosthodont,Patient evaluation of treatment success as related to denture tooth type.,,10635196,https://pubmed.ncbi.nlm.nih.gov/10635196/,library / ILL request,,,,No RG hit; Int J Prosthodont 1999;12(3):272-8 PMID 10635196
1_loop_RCT,Moradpoor2018b,no_oa_found,paywalled_likely,2018,J Oral Rehabil,Patient satisfaction with occlusal scheme of conventional complete dentures: A randomised clinical trial (Part II).,10.1111/joor.12660,29851120,https://doi.org/10.1111/joor.12660,library / ILL request,,,,RG 337773289 'Patient satisfaction with occlusal scheme of conventional complete dentures' (Request PDF) likely = Moradpoor 2020 JOR doi:10.1111/joor.12918 not Part II (doi:10.1111/joor.12660); not accepted
1_loop_RCT,Sutton2007a,no_oa_found,paywalled_likely,2007,J Prosthet Dent,"A randomized clinical trial comparing anatomic, lingualized, and zero-degree posterior occlusal forms for complete dentures.",10.1016/j.prosdent.2007.03.003,17547948,https://doi.org/10.1016/j.prosdent.2007.03.003,library / ILL request,,,,No RG hit; J Prosthet Dent 2007;97(5):292-298 PMID 17547948
1_loop_RCT,Americanae2019,no_oa_found,free_confirmed,2019,Americanae (AECID Library),"Impacto da morfologia oclusal de dentes posteriores na qualidade de vida, satisfação e performance mastigatória de usuários de próteses totais bimaxilares",,,https://repositorio.ufrn.br/jspui/handle/123456789/28208,open other_free_url in a browser (blocks scripts),,,https://repositorio.ufrn.br/items/ec8fda63-95d0-46cb-a90b-209d0e30f1d1,UFRN institutional repository (thesis)
1_loop_RCT,AlAzharDen2017,no_oa_found,free_likely,2017,Al-Azhar Dental Journal for Girls,Effect of Balanced Occlusion Verses Lineal occlusion on Maximum Biting Force and Electromyographic Activity,10.21608/adjg.2017.5273,,https://doi.org/10.21608/adjg.2017.5273,open other_free_url in a browser (blocks scripts),,,https://azjd.researchcommons.org/journal/vol4/iss3/16/,No RG hit; open-access journal page; also Semantic Scholar paper 0501be83278cff0a3f1472e6587a1aba9e297270
1_loop_RCT,ActaScient2015a,unresolved,needs_manual,2015,Acta Scientiarum Naturalium Universitatis Sunyatseni,3种改良[牙合]型的全口义齿在牙槽嵴重度吸收无牙颌患者中的临床应用,,,,search title manually (no DOI/PMID),,,,No RG or free copy found (Chinese title search returned unrelated papers)
2_dense_edge_RCT,Deniz2013,no_oa_found,paywalled_likely,2013,J Oral Rehabil,The influence of occlusion on masticatory performance and satisfaction in complete denture wearers.,10.1111/joor.12015,23189997,https://doi.org/10.1111/joor.12015,library / ILL request,,,,No RG hit; J Oral Rehabil 40(2):91-98 doi:10.1111/joor.12015 (Wiley; not confirmed free)
2_dense_edge_RCT,Moradpoor2018a,no_oa_found,paywalled_likely,2018,J Oral Rehabil,Patient satisfaction with occlusal scheme of conventional complete dentures: A randomised clinical trial (part I).,10.1111/joor.12579,28965369,https://doi.org/10.1111/joor.12579,library / ILL request,,,,No RG hit; J Oral Rehabil 2018;45(1):41-49 doi:10.1111/joor.12579 PMID 28965369
2_dense_edge_RCT,Pereira2022,no_oa_found,paywalled_likely,2022,Gerodontology,A randomised crossover clinical trial of masticatory function in complete denture wearers with conventional and lingualised balanced occlusion.,10.1111/ger.12610,34908185,https://doi.org/10.1111/ger.12610,library / ILL request,,,,No RG hit; Gerodontology doi:10.1111/ger.12610 PMID 34908185
2_dense_edge_RCT,Peroz2003,no_oa_found,paywalled_likely,2003,Quintessence Int,"Comparison between balanced occlusion and canine guidance in complete denture wearers--a clinical, randomized trial.",,14620212,https://pubmed.ncbi.nlm.nih.gov/14620212/,open ResearchGate link (logged in): download or Request full-text,https://www.researchgate.net/publication/9006958_Comparison_between_balanced_occlusion_and_canine_guidance_in_complete_denture_wearers_-_A_clinical_randomized_trial,Request full-text,,
2_dense_edge_RCT,Rehmann2008,no_oa_found,paywalled_likely,2008,Int J Prosthodont,Influence of the occlusal concept of complete dentures on patient satisfaction in the initial phase after fitting: bilateral balanced occlusion vs canine guidance.,,18350949,https://pubmed.ncbi.nlm.nih.gov/18350949/,library / ILL request,,,,No RG hit; Int J Prosthodont PMID 18350949
2_dense_edge_RCT,Rocha2023,no_oa_found,paywalled_likely,2023,J Prosthet Dent,Masticatory efficiency in complete denture and single implant-retained mandibular overdenture wearers with different occlusion schemes: A randomized clinical trial.,10.1016/j.prosdent.2021.06.028,34517991,https://doi.org/10.1016/j.prosdent.2021.06.028,library / ILL request,,,,No RG publication hit (only author profile page); J Prosthet Dent PMID 34517991
2_dense_edge_RCT,SADJ2004,no_oa_found,paywalled_likely,2004,SADJ,Balanced occlusion versus canine guidance for complete dentures.,,15106484,https://pubmed.ncbi.nlm.nih.gov/15106484/,library / ILL request,,,,No RG hit; SADJ 2004;59(1):31 PMID 15106484; RG 266765868 'Bilateral balanced occlusion versus canine guidance in complete dentures' has different title - not accepted
2_dense_edge_RCT,Shirani2014,no_oa_found,paywalled_likely,2014,J Prosthodont,Comparisons of patient satisfaction levels with complete dentures of different occlusions: a randomized clinical trial.,10.1111/jopr.12101,24138344,https://doi.org/10.1111/jopr.12101,library / ILL request,,,,No RG hit; J Prosthodont doi:10.1111/jopr.12101 PMID 24138344
2_dense_edge_RCT,Brandt2019,no_oa_found,uncertain,2019,Clin Oral Investig,Prospective clinical study of bilateral balanced occlusion (BBO) versus canine-guided occlusion (CGO) in complete denture wearers.,10.1007/s00784-019-02857-5,30796588,https://doi.org/10.1007/s00784-019-02857-5,open ResearchGate link (logged in): download or Request full-text,https://www.researchgate.net/publication/331286061_Prospective_clinical_study_of_bilateral_balanced_occlusion_BBO_versus_canine-guided_occlusion_CGO_in_complete_denture_wearers,Request full-text,,Clin Oral Investig 2019;23:4181-4188; RG title shows 'Request PDF'
2_dense_edge_RCT,DOAJDOAJDi2026,no_oa_found,free_likely,2026,DOAJ (DOAJ: Directory of Open Access Journals),Comparison of Masticatory Performance of Bilateral Balanced Occlusion and Lingualized Occlusion in Complete Denture Patients,10.51253/pafmj.v76isuppl-1.13245,,https://doi.org/10.51253/pafmj.v76isuppl-1.13245,open DOI in a browser; else library/ILL,,,,No exact match. RG 360000426 'Comparative Masticatory Performance of BBO and LO in Complete Denture Patients' (Altamash Institute; ~2022; 80 pts) has similar title but likely a different publication - not accepted; verify manually
2_dense_edge_RCT,ErbilDenta2020,no_oa_found,free_confirmed,2020,Erbil Dental Journal,Comparison of chewing activity in patients requiring complete denture with two different occlusions,10.15218/edj.2020.02,,https://doi.org/10.15218/edj.2020.02,open DOI in a browser; else library/ILL,,,,Not on RG. Erbil Dental Journal (edj.hmu.edu.krd; open access; DOAJ-indexed) - exact article page not surfaced; one snippet dated it 2023
2_dense_edge_RCT,JournalofP2017,no_oa_found,free_likely,2017,Journal of Physics Conference Series,Correlation of masticatory muscle activity with masticatory ability in complete denture patients with canine guidance and balanced occlusion,10.1088/1742-6596/884/1/012015,,https://doi.org/10.1088/1742-6596/884/1/012015,open DOI in a browser; else library/ILL,,,,No RG page or free copy found; abstract text visible only via science.gov topic pages
2_dense_edge_RCT,AlAzharDen2016,no_oa_found,free_likely,2016,Al-Azhar Dental Journal for Girls,Masticatory Efficiency Evaluation in Implant Retained Complete Overdenture With Different Occlusal Schemes,10.21608/adjg.2016.5072,,https://doi.org/10.21608/adjg.2016.5072,open ResearchGate link (logged in): download or Request full-text,https://www.researchgate.net/publication/308418260_Masticatory_Efficiency_Evaluation_in_Implant_Retained_Complete_Overdenture_With_Different_Occlusal_Schemes,Request full-text,,RG title shows 'Request PDF'
2_dense_edge_RCT,AlAzharJou2018b,no_oa_found,free_likely,2018,Al-Azhar Journal of Dental Science,MASTICATORY EFFICIENCY OF CANINE GUIDANCE OCCLUSION AND BILATERAL BALANCED OCCLUSION IN THERMOPLASTIC COMPLETE DENTURES,10.21608/ajdsm.2020.71468,,https://doi.org/10.21608/ajdsm.2020.71468,open other_free_url in a browser (blocks scripts),,,https://www.semanticscholar.org/paper/MASTICATORY-EFFICIENCY-OF-CANINE-GUIDANCE-OCCLUSION-Elsayed-Fayad/a18d9a7a93e25fb5e9f9161022ceedb260ad8f9f,Not on RG. Semantic Scholar record (Elsayed & Fayad); likely free PDF on EKB Al-Azhar journal
2_dense_edge_RCT,Alexandria2016,no_oa_found,free_likely,2016,Alexandria Dental Journal,COLORIMETRIC COMPARATIVE ANALYSIS OF MASTICATORY EFFEICIENCY IN COMPLETE DENTURE WEARERS WITH TWO DIFFERENT OCCLUSAL CONCEPTS,10.21608/adjalexu.2016.59258,,https://doi.org/10.21608/adjalexu.2016.59258,open in a browser (EKB site blocks scripts),,,,No RG or free copy found in search (likely on Alexandria Dental Journal EKB site)
2_dense_edge_RCT,EgyptianDe2020,no_oa_found,free_likely,2020,Egyptian Dental Journal /Egyptian Dental Journal,Effect of occlusal scheme on bolus transport during feeding for complete denture wearers,10.21608/edj.2020.79114,,https://doi.org/10.21608/edj.2020.79114,open in a browser (EKB site blocks scripts),,,,No RG or free copy found in search (likely on EDJ EKB site)
2_dense_edge_RCT,EgyptianDe2022c,no_oa_found,free_confirmed,2022,Egyptian Dental Journal /Egyptian Dental Journal,Randomized Controlled Study Comparing Bilateral Balanced and Lingualized Occlusion Concepts for Implant Assisted Mandibular Overdentures,10.21608/edj.2022.116464.1951,,https://doi.org/10.21608/edj.2022.116464.1951,open in a browser (EKB site blocks scripts),,,,No RG or free copy found in search
2_dense_edge_RCT,ChinaMedic2015,unresolved,needs_manual,2015,China Medicine and Pharmacy,Clinical efficacy evaluation of lingualized occlusion complete denture on repair of low alveolar ridge,,,,search title manually (no DOI/PMID),,,,No RG or free copy found
2_dense_edge_RCT,JournalofN2010,unresolved,needs_manual,2010,Journal of Nanchang University,Satisfaction of Patients with Complete Dentures with Lingualized Occlusion,,,,search title manually (no DOI/PMID),,,,No RG or free copy found
2_dense_edge_RCT,JournalofO2011,unresolved,needs_manual,2011,Journal of Oral Science Research,Evaluation of OHRQOL for Patients Wearing Lingualized Occlusion Complete Dentures,,,,search title manually (no DOI/PMID),,,,No RG or free copy found
3_network_contributing,Berg1988,no_oa_found,paywalled_likely,1988,J Dent,The influence of cusped and cuspless teeth on patient satisfaction with complete dentures. A 2-year follow-up study.,10.1016/0300-5712(88)90122-4,3065374,https://doi.org/10.1016/0300-5712(88)90122-4,library / ILL request,,,,
3_network_contributing,Brewer1967,no_oa_found,paywalled_likely,1967,J Prosthet Dent,Comparison of zero degree teeth and anatomic teeth on complete dentures.,10.1016/0022-3913(67)90047-9,5224785,https://doi.org/10.1016/0022-3913(67)90047-9,library / ILL request,,,,
3_network_contributing,Brudvik1990,no_oa_found,paywalled_likely,1990,Int J Prosthodont,Evaluation of eccentric occlusal contacts in complete dentures.,,2133382,https://pubmed.ncbi.nlm.nih.gov/2133382/,library / ILL request,,,,
3_network_contributing,Clough1983a,no_oa_found,paywalled_likely,1983,J Prosthet Dent,A comparison of lingualized occlusion and monoplane occlusion in complete dentures.,10.1016/0022-3913(83)90007-0,6352901,https://doi.org/10.1016/0022-3913(83)90007-0,library / ILL request,,,,
3_network_contributing,Grubwieser1999,no_oa_found,paywalled_likely,1999,J Oral Rehabil,Quantitative analysis of masseter and temporalis EMGs: a comparison of anterior guided versus balanced occlusal concepts in patients wearing complete dentures.,10.1046/j.1365-2842.1999.00438.x,10520148,https://doi.org/10.1046/j.1365-2842.1999.00438.x,library / ILL request,,,,
3_network_contributing,Grunert1994,no_oa_found,paywalled_likely,1994,J Oral Rehabil,Masseter and temporalis surface electromyography in patients wearing complete dentures comparing anterior and posterior occlusal concepts--a pilot study.,10.1111/j.1365-2842.1994.tb01148.x,8057200,https://doi.org/10.1111/j.1365-2842.1994.tb01148.x,library / ILL request,,,,
3_network_contributing,JournalofD1974,no_oa_found,paywalled_likely,1974,Journal of Dental Research,Five-Year Changes in the Edentulous Mandible as Determined on Oblique Cephalometric Radiographs,10.1177/00220345740530062801,4610022,https://doi.org/10.1177/00220345740530062801,library / ILL request,,,,
3_network_contributing,JournalofP1961,no_oa_found,paywalled_likely,1961,Journal of Prosthetic Dentistry,Re-evaluation of posterior tooth forms for complete dentures,10.1016/0022-3913(61)90110-x,,https://doi.org/10.1016/0022-3913(61)90110-x,library / ILL request,,,,
3_network_contributing,Kamalakidis2023,no_oa_found,paywalled_likely,2023,Int J Prosthodont,Exploring Adaptation and Satisfaction in Copied Complete Dentures Regarding Two Different Occlusal Schemes.,10.11607/ijp.7367,33662056,https://doi.org/10.11607/ijp.7367,library / ILL request,,,,
3_network_contributing,Khamis1998a,no_oa_found,paywalled_likely,1998,J Prosthet Dent,A comparison of the effect of different occlusal forms in mandibular implant overdentures.,10.1016/s0022-3913(98)70156-8,9576317,https://doi.org/10.1016/s0022-3913(98)70156-8,library / ILL request,,,,
3_network_contributing,Kimoto2006,no_oa_found,paywalled_likely,2006,Int J Prosthodont,Prospective clinical trial comparing lingualized occlusion to bilateral balanced occlusion in complete dentures: a pilot study.,,16479769,https://pubmed.ncbi.nlm.nih.gov/16479769/,library / ILL request,,,,
3_network_contributing,Miralles1989,no_oa_found,paywalled_likely,1989,J Prosthet Dent,Influence of balanced occlusion and canine guidance on electromyographic activity of elevator muscles in complete denture wearers.,10.1016/0022-3913(89)90021-8,2724159,https://doi.org/10.1016/0022-3913(89)90021-8,library / ILL request,,,,
3_network_contributing,Moradpoor2020,no_oa_found,paywalled_likely,2020,J Oral Rehabil,Patient satisfaction with occlusal scheme of conventional complete dentures.,10.1111/joor.12918,31804709,https://doi.org/10.1111/joor.12918,library / ILL request,,,,
3_network_contributing,TheJournal1931,no_oa_found,paywalled_likely,1931,The Journal of the American Dental Association (1922),"What is the Future Status of Nonanatomic Posterior Tooth Forms in Full Denture Prosthesis?**Read before the Section on Full Dentures at the Midwinter Clinic of the Chicago Dental Society, Feb. 3, 1931.",10.14219/jada.archive.1931.0115,,https://doi.org/10.14219/jada.archive.1931.0115,library / ILL request,,,,
3_network_contributing,Yoshida1988a,no_oa_found,paywalled_likely,1988,J Oral Rehabil,A criterion for the selection of artificial posterior teeth.,10.1111/j.1365-2842.1988.tb00171.x,3049998,https://doi.org/10.1111/j.1365-2842.1988.tb00171.x,library / ILL request,,,,
3_network_contributing,Anon2024,no_oa_found,free_likely,2024,,Evaluating the chewing efficiency of complete dentures using bilateral balanced occlusion and lingualized occlusion: A comparative study,10.53555/kuey.v30i6.7650,,https://doi.org/10.53555/kuey.v30i6.7650,open DOI in a browser; else library/ILL,,,,
3_network_contributing,Chaturvedi2021a,no_oa_found,uncertain,2021,Technol Health Care,Computerized occlusal forces analysis in complete dentures fabricated by additive and subtractive techniques.,10.3233/thc-202736,33720863,https://doi.org/10.3233/thc-202736,open DOI in a browser; else library/ILL,,,,
3_network_contributing,Chaturvedi2021b,no_oa_found,uncertain,2021,Technol Health Care,Clinical analysis of CAD-CAM milled and printed complete dentures using computerized occlusal force analyser.,10.3233/thc-202766,33749624,https://doi.org/10.3233/thc-202766,open DOI in a browser; else library/ILL,,,,
3_network_contributing,JournalofD2017b,no_oa_found,free_likely,2017,Journal of Dr. YSR University of Health Sciences.,Collation of chewing efficiency and dentures with diverse occlusal schemes,10.4103/2277-8632.202580,,https://doi.org/10.4103/2277-8632.202580,open DOI in a browser; else library/ILL,,,,
3_network_contributing,AlAzharAss2019,no_oa_found,free_likely,2019,Al-Azhar Assiut Dental Journal,Effect of Bilateral Balanced and Monoplane Occlusion of Implant Retained Mandibular Overdenture on Biting Force and Masticatory Efficiency,10.21608/aadj.2019.60183,,https://doi.org/10.21608/aadj.2019.60183,open in a browser (EKB site blocks scripts),,,,
3_network_contributing,AlAzharAss2020,no_oa_found,free_likely,2020,Al-Azhar Assiut Dental Journal,Study the Effects of Bilateral Balanced Occlusion and Canine Guidance on Masseter and Temporalis Muscle Activity in Implant-Retained Overdentures Constructed with Open and Closed Tray Impression,10.21608/aadj.2020.22805.1027,,https://doi.org/10.21608/aadj.2020.22805.1027,open in a browser (EKB site blocks scripts),,,,
3_network_contributing,AlAzharAss2023,no_oa_found,free_likely,2023,Al-Azhar Assiut Dental Journal,The Effect of Different Occlusal Schemes on Masticatory Performance for Conventional and Digital Complete Dentures,10.21608/aadj.2023.326293,,https://doi.org/10.21608/aadj.2023.326293,open in a browser (EKB site blocks scripts),,,,
3_network_contributing,AlAzharDen2019a,no_oa_found,free_likely,2019,Al-Azhar Dental Journal for Girls,The Effect of Different Occlusal Concepts on Masticatory efficiency in Implant Supported Mandibular Over-dentures,10.21608/adjg.2019.7677.1088,,https://doi.org/10.21608/adjg.2019.7677.1088,open in a browser (EKB site blocks scripts),,,,
3_network_contributing,AlAzharDen2021,no_oa_found,free_likely,2021,Al-Azhar Dental Journal for Girls,Effect of two occlusal Patterns of Implant Retained Overdenture by Two Attachment Systems on the Electromyographic Activity,10.21608/adjg.2021.10714.1132,,https://doi.org/10.21608/adjg.2021.10714.1132,open in a browser (EKB site blocks scripts),,,,
3_network_contributing,AlAzharJou2018a,no_oa_found,free_likely,2018,Al-Azhar Journal of Dental Science,ELECCTROMYOGRAPHIC EVALUATION OF CANINE GUIDANCE OCCLUSION AND BILATERAL BALANCED OCCLUSION IN THERMOPLASTIC COMPLETE DENTURES,10.21608/ajdsm.2018.71481,,https://doi.org/10.21608/ajdsm.2018.71481,open in a browser (EKB site blocks scripts),,,,
3_network_contributing,EgyptianDe2016a,no_oa_found,free_likely,2016,Egyptian Dental Journal /Egyptian Dental Journal,THE EFFECT OF THE BILATERAL BALANCED OCCLUSION AND THE CANINE GUIDANCE OCCLUSION OF IMPLANT RETAINED MANDIBULAR OVERDENTURE ON BITING FORCE AND MASTICATORY EFFICIENCY,10.21608/edj.2016.95122,,https://doi.org/10.21608/edj.2016.95122,open in a browser (EKB site blocks scripts),,,,
3_network_contributing,EgyptianDe2016b,no_oa_found,free_likely,2016,Egyptian Dental Journal /Egyptian Dental Journal,THE EFFECT OF TWO PROTECTIVE OCCLUSAL SCHEMES OF IMMEDIATELY LOADED MINI-IMPLANT SUPPORTED MANDIBULAR OVERDENTURE ON MASSETER MUSCLE ACTIVITY AND RIDGE KERATINIZATION,10.21608/edj.2016.96968,,https://doi.org/10.21608/edj.2016.96968,open in a browser (EKB site blocks scripts),,,,
3_network_contributing,EgyptianDe2018a,no_oa_found,free_likely,2018,Egyptian Dental Journal /Egyptian Dental Journal,BONE HEIGHT CHANGES AROUND IMMEDIATELY LOADED IMPLANT-RETAINED MANDIBULAR OVER DENTURES WITH TWO DIFFERENT OCCLUSAL SCHEMES,10.21608/edj.2018.79510,,https://doi.org/10.21608/edj.2018.79510,open in a browser (EKB site blocks scripts),,,,
3_network_contributing,EgyptianDe2018b,no_oa_found,free_likely,2018,Egyptian Dental Journal /Egyptian Dental Journal,Effect of two complete denture occlusal schemes on occlusion and disocclusion times,10.21608/edj.2018.77246,,https://doi.org/10.21608/edj.2018.77246,open in a browser (EKB site blocks scripts),,,,
3_network_contributing,ActaScient2005,unresolved,needs_manual,2005,Acta Scientiarum Naturalium Universitatis Sunyatseni,线性（牙合）总义齿肌电图的研究,,,,search title manually (no DOI/PMID),,,,
3_network_contributing,ActaScient2009,unresolved,needs_manual,2009,Acta Scientiarum Naturalium Universitatis Sunyatseni,线性（牙合）与解剖式（牙合）全口义齿满意度的比较,,,,search title manually (no DOI/PMID),,,,
3_network_contributing,ActaScient2012c,unresolved,needs_manual,2012,Acta Scientiarum Naturalium Universitatis Sunyatseni,舌向集中[牙合]全口义齿在牙槽嵴重度吸收患者的临床修复效果观察,,,,search title manually (no DOI/PMID),,,,
3_network_contributing,ActaScient2014b,unresolved,needs_manual,2014,Acta Scientiarum Naturalium Universitatis Sunyatseni,舌侧集中（牙合）与解剖式双侧平衡（牙合）全口义齿修复低平牙槽嵴无牙颌患者咀嚼效率及咬合力比较研究,,,,search title manually (no DOI/PMID),,,,
3_network_contributing,Anon2002a,unresolved,needs_manual,2002,,DESOCLUSÃO EM PRÓTESE TOTAL: ARTICULAÇÃO BILATERAL BALANCEADA OU DESOCLUSÃO LATERAL COM GUIA CANINO COMPLETE DENTURES OCCLUSION: BALANCED OCCLUSION OR CANINE GUIDED OCCLUSION,,,,search title manually (no DOI/PMID),,,,
3_network_contributing,Anon2006,unresolved,needs_manual,2006,日本歯科技工学会雑誌,Complete Denture における咬合理論と技工術式 : 特に Full Balanced Occlusion & Lingualized Occlusion,,,,search title manually (no DOI/PMID),,,,
3_network_contributing,Anon2009,unresolved,needs_manual,2009,广西医科大学学报,线性（牙合）全口义齿咀嚼效能的自体对比研究,,,,search title manually (no DOI/PMID),,,,
3_network_contributing,Anon2010b,unresolved,needs_manual,2010,海南医学,自凝软衬基托线性（牙合）总义齿咀嚼效能研究,,,,search title manually (no DOI/PMID),,,,
3_network_contributing,Anon2013b,unresolved,needs_manual,2013,,A preliminary study of the masticatory function between two artificial teeth dentures with different inclinations of cusp,,,,search title manually (no DOI/PMID),,,,
3_network_contributing,BeijingJou2012,unresolved,needs_manual,2012,Beijing Journal of Stomatology,"Evaluation of the masticatory efficiency of complete dentures with lingualized occlusion,anatomic occlusion and linear occlusion",,,,search title manually (no DOI/PMID),,,,
3_network_contributing,DOAJDOAJDi2015,unresolved,free_likely,2015,DOAJ (DOAJ: Directory of Open Access Journals),STUDY OF CHANGES IN OCCLUSAL SCHEME RESULTING FROM CREATING ARTIFICIAL TEETH IN THE DENTURE PATIENT WITH COMPLETE TOOTH LOSS AND ADVERSE CONDITIONS BY PROSTHETIC BED ON THE LOWER JAW,,,,search title manually (no DOI/PMID),,,,
3_network_contributing,Internatio2020,unresolved,free_likely,2020,International Journal of Applied Dental Sciences,Comparison of canine guidance and bilateral balanced occlusion concepts of complete dentures on patients’ masticatory efficiency: An in vivo study,,,,search title manually (no DOI/PMID),,,,
4_other,Drago1984,no_oa_found,paywalled_likely,1984,J Prosthet Dent,The effect of posterior tooth form on the chewing cycle in the frontal plane.,10.1016/0022-3913(84)90315-9,6374111,https://doi.org/10.1016/0022-3913(84)90315-9,library / ILL request,,,,
4_other,JournalofD1960,no_oa_found,paywalled_likely,1960,Journal of Dental Research,Influence of Artificial Tooth Forms on Bone Deformation beneath Complete Dentures,10.1177/00220345600390020701,14445613,https://doi.org/10.1177/00220345600390020701,library / ILL request,,,,
4_other,JournalofP1951,no_oa_found,paywalled_likely,1951,Journal of Prosthetic Dentistry,Full denture service as influenced by tooth forms and materials,10.1016/0022-3913(51)90077-7,14814646,https://doi.org/10.1016/0022-3913(51)90077-7,library / ILL request,,,,
4_other,JournalofP1956,no_oa_found,paywalled_likely,1956,Journal of Prosthetic Dentistry,Complete denture base deformation with varied occlusal tooth form,10.1016/0022-3913(56)90018-x,,https://doi.org/10.1016/0022-3913(56)90018-x,library / ILL request,,,,
4_other,JournalofP1963,no_oa_found,paywalled_likely,1963,Journal of Prosthetic Dentistry,Influence of occlusal schemes on the muscular activity of edentulous patients,10.1016/0022-3913(63)90099-4,,https://doi.org/10.1016/0022-3913(63)90099-4,library / ILL request,,,,
4_other,Ludwig1976,no_oa_found,paywalled_likely,1976,Dtsch Zahnarztl Z,[Supporting pin and fully balanced occlusion in complete dentures].,,1066267,https://pubmed.ncbi.nlm.nih.gov/1066267/,library / ILL request,,,,
4_other,Niwatcharoench2014,no_oa_found,paywalled_likely,2014,J Prosthet Dent,Effect of complete denture occlusal schemes on masticatory performance and maximum occlusal force.,10.1016/j.prosdent.2014.06.003,25062582,https://doi.org/10.1016/j.prosdent.2014.06.003,library / ILL request,,,,
4_other,Ono1988,no_oa_found,paywalled_likely,1988,Shigaku,[The form of occlusion in denture wearers. The effect of lingualized occlusion on masticatory function].,,3272363,https://pubmed.ncbi.nlm.nih.gov/3272363/,library / ILL request,,,,
4_other,TheJournal1928,no_oa_found,paywalled_likely,1928,The Journal of the American Dental Association (1922),"Channel Type Posterior Tooth Forms**Read before the Section on Full Denture Prosthesis at the Sixty-Ninth Annual Session of the American Dental Association, Detroit, Mich., Oct. 26, 1927.",10.14219/jada.archive.1928.0195,,https://doi.org/10.14219/jada.archive.1928.0195,library / ILL request,,,,
4_other,TheJournal1935,no_oa_found,paywalled_likely,1935,The Journal of the American Dental Association (1922),"Are Anatomic Teeth Suited for Full Dentures?**Read before the Section on Full Denture Prosthesis at the Seventy-Sixth Annual Session of the American Dental Association, St. Paul, Minn., Aug. 8, 1934.",10.14219/jada.archive.1935.0108,,https://doi.org/10.14219/jada.archive.1935.0108,library / ILL request,,,,
4_other,Yu2013,no_oa_found,paywalled_likely,2013,Zhonghua Kou Qiang Yi Xue Za Zhi,[Clinical research on curative effect of complete denture with two kinds of occlusion for temporomandibular joint disorders of aged edentulous patients].,,24438569,https://pubmed.ncbi.nlm.nih.gov/24438569/,library / ILL request,,,,
4_other,Anon2012,no_oa_found,free_likely,2012,,Effect of complete denture occlusal schemes on masticatory performance and maximum occlusal force,10.58837/chula.the.2012.290,,https://doi.org/10.58837/chula.the.2012.290,open DOI in a browser; else library/ILL,,,,
4_other,Diao2026,no_oa_found,free_confirmed,2026,Beijing Da Xue Xue Bao Yi Xue Ban,[A clinical study on the centralized occlusal scheme for implant-supported overdentures in edentulous patients].,10.19723/j.issn.1671-167x.2026.01.017,41633595,https://doi.org/10.19723/j.issn.1671-167x.2026.01.017,open DOI in a browser; else library/ILL,,,,
4_other,Guttal2013,no_oa_found,free_confirmed,2013,J Indian Prosthodont Soc,A Comparison of the Change in Mandibular Condyle/Fossa Relationship with the Use of Anatomic Teeth and Semi-anatomic Teeth in Complete Denture Prosthesis.,10.1007/s13191-013-0260-z,24431715,https://doi.org/10.1007/s13191-013-0260-z,open DOI in a browser; else library/ILL,,,,
4_other,IOSRJourna2017,no_oa_found,free_likely,2017,IOSR Journal of Dental and Medical Sciences,Construct of the Full Removable Prosthetic Based on Biofunctional System in Edentulous Patients,10.9790/0853-160304100104,,https://doi.org/10.9790/0853-160304100104,open DOI in a browser; else library/ILL,,,,
4_other,LAReferenc2016,no_oa_found,free_likely,2016,LA Referencia (Red Federada de Repositorios Institucionales de Publicaciones Científicas),Different Occlusal Schemes in a Persistent Protruding Complete Denture Wearer,,,,open DOI in a browser; else library/ILL,,,,
4_other,Ma2012,no_oa_found,uncertain,2012,Shanghai Kou Qiang Yi Xue,[Evaluation of masticatory efficiency of lingualized occlusal complete denture].,,23135128,https://pubmed.ncbi.nlm.nih.gov/23135128/,open DOI in a browser; else library/ILL,,,,
4_other,Posti2012,no_oa_found,free_likely,2012,Vojnosanit Pregl,Influence of balanced occlusion in complete dentures on the decrease in the reduction of an edentulous ridge.,,23424959,https://pubmed.ncbi.nlm.nih.gov/23424959/,open DOI in a browser; else library/ILL,,,,
4_other,TheJournal2020,no_oa_found,free_likely,2020,The Journal of Korean Academy of Prosthodontics,Effectiveness of clinical remounting improving balanced occlusion of complete dentures,10.4047/jkap.2020.58.4.328,,https://doi.org/10.4047/jkap.2020.58.4.328,open DOI in a browser; else library/ILL,,,,
4_other,AlAzharDen2019b,no_oa_found,free_likely,2019,Al-Azhar Dental Journal for Girls,The Effect of Occlusion and Two Denture Base Material on Muscle Activity and Masticatory Efficiency of Complete Dentures,10.21608/adjg.2019.42309,,https://doi.org/10.21608/adjg.2019.42309,open in a browser (EKB site blocks scripts),,,,
4_other,AlAzharDen2019c,no_oa_found,free_likely,2019,Al-Azhar Dental Journal for Girls,The Effect of Occlusion and Two Denture Base Material on Muscle Activity and Masticatory Efficiency of Complete Dentures,10.21608/adjg.2019.5985.1038,,https://doi.org/10.21608/adjg.2019.5985.1038,open in a browser (EKB site blocks scripts),,,,
4_other,EgyptianDe2022b,no_oa_found,free_likely,2022,Egyptian Dental Journal /Egyptian Dental Journal,REPERCUSSION OF 2 DESIGNS OF LINGUALIZED OCCLUSAL SCHEMES ON EMG ACTIVITY MUSCLES IN MANDIBULAR IMPLANT SUPPORTED OVERDENTURE RANDOMIZED CONTROLLED CLINICAL STUDY,10.21608/edj.2022.156114.2215,,https://doi.org/10.21608/edj.2022.156114.2215,open in a browser (EKB site blocks scripts),,,,
4_other,ActaScient1998,unresolved,needs_manual,1998,Acta Scientiarum Naturalium Universitatis Sunyatseni,应用“三因素、四定律”理论指导临床全口义齿排牙体会,,,,search title manually (no DOI/PMID),,,,
4_other,ActaScient2012a,unresolved,needs_manual,2012,Acta Scientiarum Naturalium Universitatis Sunyatseni,舌侧集中[牙合]及解剖式[牙合]全口义齿的临床效果,,,,search title manually (no DOI/PMID),,,,
4_other,ActaScient2012b,unresolved,needs_manual,2012,Acta Scientiarum Naturalium Universitatis Sunyatseni,舌侧集中（牙合） 全口义齿修复18例低矮牙槽嵴临床体会,,,,search title manually (no DOI/PMID),,,,
4_other,ActaScient2013a,unresolved,needs_manual,2013,Acta Scientiarum Naturalium Universitatis Sunyatseni,长正中[牙合]型总义齿的咀嚼效率和满意度的初步评价,,,,search title manually (no DOI/PMID),,,,
4_other,ActaScient2013b,unresolved,needs_manual,2013,Acta Scientiarum Naturalium Universitatis Sunyatseni,视觉模拟评分法（VAS）对舌向集中（牙合）与半解剖（牙合）全口义齿满意度的比较研究,,,,search title manually (no DOI/PMID),,,,
4_other,ActaScient2014a,unresolved,needs_manual,2014,Acta Scientiarum Naturalium Universitatis Sunyatseni,舌侧集中（牙合）全口义齿咀嚼效率的研究,,,,search title manually (no DOI/PMID),,,,
4_other,ActaScient2015b,unresolved,needs_manual,2015,Acta Scientiarum Naturalium Universitatis Sunyatseni,不同全口义齿在重度牙槽嵴吸收无牙[牙合]患者中的应用效果比较,,,,search title manually (no DOI/PMID),,,,
4_other,Anon2008,unresolved,needs_manual,2008,国际口腔医学杂志,The lingualized occlusion of complete denture,,,,search title manually (no DOI/PMID),,,,
4_other,Anon2010a,unresolved,needs_manual,2010,,Complete Denture Occlusal Schemes,,,,search title manually (no DOI/PMID),,,,
4_other,Anon2011,unresolved,needs_manual,2011,,Effect of complete denture occlusal schemes on masticatory performance,,,,search title manually (no DOI/PMID),,,,
4_other,Anon2013a,unresolved,needs_manual,2013,,INFLUÊNCIA DO TIPO DE PRÓTESE TOTAL DUPLA NA FUNÇÃO MASTIGATÓRIA Influence of denture type in the dual masticatory function,,,,search title manually (no DOI/PMID),,,,
4_other,Anon2015a,unresolved,needs_manual,2015,口腔医学,舌向集中（牙合）与半解剖式（牙合）全口义齿的满意度及咀嚼效能比较,,,,search title manually (no DOI/PMID),,,,
4_other,Anon2015b,unresolved,needs_manual,2015,,两种[牙合]型全口义齿在重度牙槽嵴吸收患者临床修复效果的比较,,,,search title manually (no DOI/PMID),,,,
4_other,BeijingJou2011,unresolved,needs_manual,2011,Beijing Journal of Stomatology,Evaluation of masticatory efficiency of complete denture with lingualized occlusion,,,,search title manually (no DOI/PMID),,,,
4_other,ChineseJou2013,unresolved,needs_manual,2013,Chinese Journal of Aesthetic Medicine,The comparison of subject satisfaction with lingualized occlusion and semianatomic occlusion in complete dentures by using visual analogy scores(VAS) method,,,,search title manually (no DOI/PMID),,,,
4_other,Internatio2017,unresolved,free_likely,2017,International Journal of Applied Dental Sciences,Comparison of patient satisfaction in complete denture patients with different occlusal schemes,,,,search title manually (no DOI/PMID),,,,
4_other,JournalofD2014a,unresolved,needs_manual,2014,Journal of Dental Prevention and Treatment,Evaluation of masticatory efficiency for edentulous patients restored with complete denture with lingualized occlusion,,,,search title manually (no DOI/PMID),,,,
4_other,SeoulNatio2007,unresolved,free_likely,2007,Seoul National University Open Repository (Seoul National University),Comparison of the strain on the alveolar ridge according to the occlusal scheme of complete dentures,,,,search title manually (no DOI/PMID),,,,
5_citation_chasing,Kwon1994,unresolved,needs_manual,1994,Kyung Hee Med,Experimental study on masticatory efficiency and EMG by artificial posterior tooth form (I),,,,ask Kyung Hee University library (not online),,,,Part I of Kwon1996 - check patient overlap; not online
5_citation_chasing,Trapozzano1952,no_oa_found,paywalled_likely,1952,J Prosthet Dent,An experimental study of the testing of occlusal patterns on the same denture base,10.1016/0022-3913(52)90083-8,,https://doi.org/10.1016/0022-3913(52)90083-8,library / ILL request,,,,
5_citation_chasing,Payne1951,no_oa_found,paywalled_likely,1951,J Prosthet Dent,A study of posterior occlusion in duplicate dentures,10.1016/0022-3913(51)90064-9,,https://doi.org/10.1016/0022-3913(51)90064-9,library / ILL request,,,,
5_citation_chasing,Nasr1967,no_oa_found,paywalled_likely,1967,J Prosthet Dent,The relative efficiency of different types of posterior teeth,10.1016/0022-3913(67)90105-9,,https://doi.org/10.1016/0022-3913(67)90105-9,library / ILL request,,,,
5_citation_chasing,Schultz1951,no_oa_found,paywalled_likely,1951,J Prosthet Dent,Comfort and chewing efficiency in dentures,10.1016/0022-3913(51)90078-9,,https://doi.org/10.1016/0022-3913(51)90078-9,library / ILL request,,,,
5_citation_chasing,Bascom1962,no_oa_found,paywalled_likely,1962,J Prosthet Dent,Masticatory efficiency of complete dentures,10.1016/0022-3913(62)90127-0,,https://doi.org/10.1016/0022-3913(62)90127-0,library / ILL request,,,,
5_citation_chasing,Woelfel1962,no_oa_found,paywalled_likely,1962,J Prosthet Dent,Effect of posterior tooth form on jaw and denture movement,10.1016/0022-3913(62)90045-8,,https://doi.org/10.1016/0022-3913(62)90045-8,library / ILL request,,,,
5_citation_chasing,Hickey1959,no_oa_found,paywalled_likely,1959,J Prosthet Dent,A method of studying the influence of occlusal schemes on muscular activity,10.1016/0022-3913(59)90082-4,,https://doi.org/10.1016/0022-3913(59)90082-4,library / ILL request,,,,
